analysis_split,sequence,stable_key
train,bear,f5c251a37f440ee5030d955c269a81a7fa4f8d89badb3a34cf326a7f2676eab8
train,boat,98464bbe55fadd42ab179080f088d740ff4cea84865f9f300424dc4b9317a910
train,breakdance-flare,6fc03d25e806aafc6bc4437fc19da28de590b08e2b83a77f7cbe7498f85dcde7
train,bus,7405dd82f5db03ebbd4a499924fce779fc1b2b479c01f188db3615945f9ff101
train,car-turn,e1ea6fa9d71abd846d8149b7b79b2ccc99b178b630559fbe775f1ed77eddc4d2
train,dance-jump,b5834cac8c9a7885696aa2d6cd38560bc89fdf3a3bfe4e150646c31e8934833a
train,dog-agility,f8d72d8f951f0c6339caf19af1f9b4d96827e00c04c7bfbdd68df06223a804e8
train,elephant,ac0fdabb039176a0d9d487c8d43d36f61acc6bfe4755e1108ae26ab1e7a0e2c5
train,flamingo,f50b2b622403361d368ad925da76e2c702184b64c54a913223d07142569f7f73
train,hike,4779830d6181cd01e7bee20e8a069de97f57e0db04b7913df0ff8105e60172d4
train,horsejump-low,cbc5b09c61e0b8b5633034eb674a14070a5a325491ff6629b1959b6d1d8580af
train,lucia,5fa9a67092938e500fabdaf0d95779254a855db12fb830a3e27dac90f4b058ed
train,mallard-fly,bd67db049b0a22562c15e17a44fbd1a584ea8225e337bbac7faec41d704407f1
train,mallard-water,955df8ea4b9c696952b24bd3dd158598edfc49c0cf8a026bf53aeb0eba9a9372
train,motocross-bumps,6900a375acf9de506f5c81d62038f649011d9fd7ac2599cabb6cc34e1e0ce659
train,motorbike,e6252ffb5bd51d5daab9cedec25041d80371de048ae4b80f83ad2acba64b98bc
train,paragliding,d77719fca66a8f169b86952ee9a6841a7ddc521cf060d2b719dcef4f7c3211ea
train,rhino,56d2e18ec621aa72986c093fa1ce781cd310ff751706c49d6d6717ef80292a97
train,rollerblade,a52e131fe4347df5dd7d61a3c1beb0b6ea9142b50feeab679151d3367142bcb5
train,scooter-gray,d198dc4333e34c0bf38aab001a6a2378e47ac1c639ba54a7a4e4337c98c9575b
train,soccerball,70f26820312bcb217011f8c1cd56788ecbb917835266314786ad55db9035ea47
train,stroller,dd72bf8322a6f82cca68ed97ac037e36e5eb0e38a6bf68c4e226b2b8923d7bb4
train,swing,c543d9d7d5aff509c8902b34934b897d2ba1ca1205bef8e094031b772eac0a42
train,train,ab410867cec961050630b19cd9fee43f166a26ef65ee442c63da4c3643d8e679
tune,bmx-bumps,bc68978cc730c2d0460403531cca80ec2865ebe6cd7ea7459195d256cc91a802
tune,drift-turn,b80bc51a33eb563d1dd3dd2d87ca2f27e2903435c9c607a1d6e9acf647ec9ccb
tune,hockey,a0a3161700694d57af36392f2057d2d430fa7608f0a06a78b0275ef66ca45b08
tune,kite-walk,f3101daa0cb285fbaea8a57d8de6f8dbf6ee70c0da6e7150953ac8ed059557f7
tune,surf,83838e7eb26c6f3a9fd86dce58aa5a609b9236f012086a82c09ffdc1f116a635
tune,tennis,a2ca75b0bde13d896517c69bd01c6149bdb458f7337a281008b19ae83533b647
test,blackswan,809da061eabda81d9d23cea2fb571d6e57e014e8c41bb14afcc72905b1ec273a
test,bmx-trees,79ac09a0d150bc3cead83d0da612f522233f963eb7111a55bf6c5bf18827d66a
test,breakdance,3e506c96635c49633ecbcb7233d74b17de03c3bfab42fd0165792116eaced677
test,camel,b1e61a2485d4feb81c1f6ba5f94fd517fad8b81ffba249541190746f060234ae
test,car-roundabout,50b75e073aafea6dc191be595149f4c39484b39e553aa06971a17baaba3d593b
test,car-shadow,4591afeda0db9ee9abf8513a062202e5fcecd7ea2285b6aeb7c2a386ef42a36f
test,cows,9d248daf9c06ba23c4014fc5f92ada411412d5cba35b6cba724eba81fd23f146
test,dance-twirl,b148ca331629556f7d340d98c6a00e2f6319a19b16aa0137184e75843a631fca
test,dog,7fab20388513af20f63622a03cb49cee043e067b207e33760ee0b2ce13f075dc
test,drift-chicane,75adf0c2bbe70167632da2bbcc13480097ab21a8d2aca6157f22e59d12026c8c
test,drift-straight,1670a0424b83c4427b2e9fe7c390db13193d8907eb6faa9c1ac69e6f6372fb49
test,goat,a581d4372d9e13608e8e84f7bc3f0b06e9b49b42babb58acea93bbc2f73cba60
test,horsejump-high,a54856c2498a40e962b051fdcffff7ac45032f97316d61258360c081d960a06f
test,kite-surf,f216e0b1242a0f8b4d6bcc911b31d52f8c249c28ef4a2d1be9a8766fa24a2785
test,libby,bba94a434908187a49a8cce58b167453fd9802e3243a5edaf58106424f66c8b4
test,motocross-jump,3cd84cf5da3a6c423d5453d81aa6c82f12d14f01ffa78a59338d7fdfa1ec2559
test,paragliding-launch,ae3f7f0c9809d002b8e9b815994fd9c261b1780a4b6ea1554c0f9b57852a6758
test,parkour,5aa5a9086f300bf39b00dd06bf471ab42fb1187bec3943cf7b9575b9e8fcd424
test,scooter-black,52a4980760e56e74dee5d9ffd5689b918a7cfe66ddd52709aa40b9672cc94b0a
test,soapbox,fc5a1725f8b5380e260db8b18a374631c678aeb07133867af9408ceccbb07528
