grid,pair_id,k,d_h,abs_delta,ratio_to_3d
3x3,1,0,1,1,0.3333333333333333
3x3,1,1,1,0,0.0
3x3,2,0,1,1,0.3333333333333333
3x3,2,1,1,0,0.0
3x3,3,0,1,1,0.3333333333333333
3x3,3,1,1,0,0.0
3x3,4,0,1,1,0.3333333333333333
3x3,4,1,1,0,0.0
3x3,5,0,1,1,0.3333333333333333
3x3,5,1,1,0,0.0
3x3,6,0,1,1,0.3333333333333333
3x3,6,1,1,0,0.0
3x3,7,0,1,1,0.3333333333333333
3x3,7,1,1,0,0.0
3x3,8,0,1,1,0.3333333333333333
3x3,8,1,1,0,0.0
3x3,9,0,1,1,0.3333333333333333
3x3,9,1,1,0,0.0
3x3,10,0,1,0,0.0
3x3,10,1,1,0,0.0
3x3,11,0,1,1,0.3333333333333333
3x3,11,1,1,0,0.0
3x3,12,0,1,0,0.0
3x3,12,1,1,0,0.0
3x3,13,0,1,0,0.0
3x3,13,1,1,0,0.0
3x3,14,0,1,1,0.3333333333333333
3x3,14,1,1,0,0.0
3x3,15,0,1,1,0.3333333333333333
3x3,15,1,1,0,0.0
3x3,16,0,1,1,0.3333333333333333
3x3,16,1,1,0,0.0
3x3,17,0,1,1,0.3333333333333333
3x3,17,1,1,0,0.0
3x3,18,0,1,0,0.0
3x3,18,1,1,0,0.0
3x3,19,0,1,0,0.0
3x3,19,1,1,0,0.0
3x3,20,0,1,0,0.0
3x3,20,1,1,0,0.0
3x3,21,0,1,0,0.0
3x3,21,1,1,0,0.0
3x3,22,0,1,0,0.0
3x3,22,1,1,0,0.0
3x3,23,0,1,1,0.3333333333333333
3x3,23,1,1,0,0.0
3x3,24,0,1,1,0.3333333333333333
3x3,24,1,1,0,0.0
3x3,25,0,1,1,0.3333333333333333
3x3,25,1,1,0,0.0
3x3,26,0,1,0,0.0
3x3,26,1,1,0,0.0
3x3,27,0,1,0,0.0
3x3,27,1,1,0,0.0
3x3,28,0,1,0,0.0
3x3,28,1,1,0,0.0
3x3,29,0,1,0,0.0
3x3,29,1,1,0,0.0
3x3,30,0,1,1,0.3333333333333333
3x3,30,1,1,0,0.0
3x3,31,0,1,1,0.3333333333333333
3x3,31,1,1,0,0.0
3x3,32,0,1,1,0.3333333333333333
3x3,32,1,1,0,0.0
3x3,33,0,1,1,0.3333333333333333
3x3,33,1,1,0,0.0
3x3,34,0,1,0,0.0
3x3,34,1,1,0,0.0
3x3,35,0,1,1,0.3333333333333333
3x3,35,1,1,0,0.0
3x3,36,0,1,0,0.0
3x3,36,1,1,0,0.0
3x3,37,0,1,0,0.0
3x3,37,1,1,0,0.0
3x3,38,0,1,1,0.3333333333333333
3x3,38,1,1,0,0.0
3x3,39,0,1,1,0.3333333333333333
3x3,39,1,1,0,0.0
3x3,40,0,1,1,0.3333333333333333
3x3,40,1,1,0,0.0
3x3,41,0,1,1,0.3333333333333333
3x3,41,1,1,0,0.0
3x3,42,0,1,0,0.0
3x3,42,1,1,0,0.0
3x3,43,0,1,1,0.3333333333333333
3x3,43,1,1,0,0.0
3x3,44,0,1,0,0.0
3x3,44,1,1,0,0.0
3x3,45,0,1,1,0.3333333333333333
3x3,45,1,1,0,0.0
3x3,46,0,1,1,0.3333333333333333
3x3,46,1,1,0,0.0
3x3,47,0,1,1,0.3333333333333333
3x3,47,1,1,0,0.0
3x3,48,0,1,0,0.0
3x3,48,1,1,0,0.0
3x3,49,0,1,0,0.0
3x3,49,1,1,0,0.0
3x3,50,0,1,0,0.0
3x3,50,1,1,0,0.0
3x3,51,0,1,0,0.0
3x3,51,1,1,0,0.0
3x3,52,0,1,1,0.3333333333333333
3x3,52,1,1,0,0.0
3x3,53,0,1,1,0.3333333333333333
3x3,53,1,1,0,0.0
3x3,54,0,1,1,0.3333333333333333
3x3,54,1,1,0,0.0
3x3,55,0,1,0,0.0
3x3,55,1,1,0,0.0
3x3,56,0,1,0,0.0
3x3,56,1,1,0,0.0
3x3,57,0,1,0,0.0
3x3,57,1,1,0,0.0
3x3,58,0,1,1,0.3333333333333333
3x3,58,1,1,0,0.0
3x3,59,0,1,1,0.3333333333333333
3x3,59,1,1,0,0.0
3x3,60,0,1,1,0.3333333333333333
3x3,60,1,1,0,0.0
3x3,61,0,1,0,0.0
3x3,61,1,1,0,0.0
3x3,62,0,1,0,0.0
3x3,62,1,1,0,0.0
3x3,63,0,1,1,0.3333333333333333
3x3,63,1,1,0,0.0
3x3,64,0,1,0,0.0
3x3,64,1,1,0,0.0
3x3,65,0,1,1,0.3333333333333333
3x3,65,1,1,0,0.0
3x3,66,0,1,0,0.0
3x3,66,1,1,0,0.0
3x3,67,0,1,0,0.0
3x3,67,1,1,0,0.0
3x3,68,0,1,1,0.3333333333333333
3x3,68,1,1,0,0.0
3x3,69,0,1,0,0.0
3x3,69,1,1,0,0.0
3x3,70,0,1,1,0.3333333333333333
3x3,70,1,1,0,0.0
3x3,71,0,1,0,0.0
3x3,71,1,1,0,0.0
3x3,72,0,1,1,0.3333333333333333
3x3,72,1,1,0,0.0
3x3,73,0,1,0,0.0
3x3,73,1,1,0,0.0
3x3,74,0,1,0,0.0
3x3,74,1,1,0,0.0
3x3,75,0,1,1,0.3333333333333333
3x3,75,1,1,0,0.0
3x3,76,0,1,0,0.0
3x3,76,1,1,0,0.0
3x3,77,0,1,0,0.0
3x3,77,1,1,0,0.0
3x3,78,0,1,0,0.0
3x3,78,1,1,0,0.0
3x3,79,0,1,0,0.0
3x3,79,1,1,0,0.0
3x3,80,0,1,0,0.0
3x3,80,1,1,0,0.0
3x3,81,0,1,0,0.0
3x3,81,1,1,0,0.0
3x3,82,0,1,1,0.3333333333333333
3x3,82,1,1,0,0.0
3x3,83,0,1,0,0.0
3x3,83,1,1,0,0.0
3x3,84,0,1,0,0.0
3x3,84,1,1,0,0.0
3x3,85,0,1,0,0.0
3x3,85,1,1,0,0.0
3x3,86,0,1,0,0.0
3x3,86,1,1,0,0.0
3x3,87,0,1,0,0.0
3x3,87,1,1,0,0.0
3x3,88,0,1,1,0.3333333333333333
3x3,88,1,1,0,0.0
3x3,89,0,1,0,0.0
3x3,89,1,1,0,0.0
3x3,90,0,1,1,0.3333333333333333
3x3,90,1,1,0,0.0
3x3,91,0,1,1,0.3333333333333333
3x3,91,1,1,0,0.0
3x3,92,0,1,0,0.0
3x3,92,1,1,0,0.0
3x3,93,0,1,0,0.0
3x3,93,1,1,0,0.0
3x3,94,0,1,0,0.0
3x3,94,1,1,0,0.0
3x3,95,0,1,1,0.3333333333333333
3x3,95,1,1,0,0.0
3x3,96,0,1,1,0.3333333333333333
3x3,96,1,1,0,0.0
3x3,97,0,1,1,0.3333333333333333
3x3,97,1,1,0,0.0
3x3,98,0,1,0,0.0
3x3,98,1,1,0,0.0
3x3,99,0,1,0,0.0
3x3,99,1,1,0,0.0
3x3,100,0,1,0,0.0
3x3,100,1,1,0,0.0
3x3,101,0,1,1,0.3333333333333333
3x3,101,1,1,0,0.0
3x3,102,0,1,0,0.0
3x3,102,1,1,0,0.0
3x3,103,0,1,0,0.0
3x3,103,1,1,0,0.0
3x3,104,0,1,0,0.0
3x3,104,1,1,0,0.0
3x3,105,0,1,0,0.0
3x3,105,1,1,0,0.0
3x3,106,0,1,0,0.0
3x3,106,1,1,0,0.0
3x3,107,0,1,1,0.3333333333333333
3x3,107,1,1,0,0.0
3x3,108,0,1,0,0.0
3x3,108,1,1,0,0.0
3x3,109,0,1,0,0.0
3x3,109,1,1,0,0.0
3x3,110,0,1,0,0.0
3x3,110,1,1,0,0.0
3x3,111,0,1,0,0.0
3x3,111,1,1,0,0.0
3x3,112,0,1,1,0.3333333333333333
3x3,112,1,1,0,0.0
3x3,113,0,1,0,0.0
3x3,113,1,1,0,0.0
3x3,114,0,1,0,0.0
3x3,114,1,1,0,0.0
3x3,115,0,1,0,0.0
3x3,115,1,1,0,0.0
3x3,116,0,1,0,0.0
3x3,116,1,1,0,0.0
3x3,117,0,1,0,0.0
3x3,117,1,1,0,0.0
3x3,118,0,1,0,0.0
3x3,118,1,1,0,0.0
3x3,119,0,1,0,0.0
3x3,119,1,1,0,0.0
3x3,120,0,1,0,0.0
3x3,120,1,1,0,0.0
3x3,121,0,1,0,0.0
3x3,121,1,1,0,0.0
3x3,122,0,1,0,0.0
3x3,122,1,1,0,0.0
3x3,123,0,1,0,0.0
3x3,123,1,1,0,0.0
3x3,124,0,1,0,0.0
3x3,124,1,1,0,0.0
3x3,125,0,1,0,0.0
3x3,125,1,1,0,0.0
3x3,126,0,1,0,0.0
3x3,126,1,1,0,0.0
3x3,127,0,1,0,0.0
3x3,127,1,1,0,0.0
3x3,128,0,1,0,0.0
3x3,128,1,1,0,0.0
3x3,129,0,1,0,0.0
3x3,129,1,1,0,0.0
3x3,130,0,1,0,0.0
3x3,130,1,1,0,0.0
3x3,131,0,1,0,0.0
3x3,131,1,1,0,0.0
3x3,132,0,1,0,0.0
3x3,132,1,1,0,0.0
3x3,133,0,1,0,0.0
3x3,133,1,1,0,0.0
3x3,134,0,1,0,0.0
3x3,134,1,1,0,0.0
3x3,135,0,1,0,0.0
3x3,135,1,1,0,0.0
3x3,136,0,1,0,0.0
3x3,136,1,1,0,0.0
3x3,137,0,1,0,0.0
3x3,137,1,1,0,0.0
3x3,138,0,1,0,0.0
3x3,138,1,1,0,0.0
3x3,139,0,1,0,0.0
3x3,139,1,1,0,0.0
3x3,140,0,1,0,0.0
3x3,140,1,1,0,0.0
3x3,141,0,1,0,0.0
3x3,141,1,1,0,0.0
3x3,142,0,1,0,0.0
3x3,142,1,1,0,0.0
3x3,143,0,1,0,0.0
3x3,143,1,1,0,0.0
3x3,144,0,1,0,0.0
3x3,144,1,1,0,0.0
3x3,145,0,1,0,0.0
3x3,145,1,1,0,0.0
3x3,146,0,1,0,0.0
3x3,146,1,1,0,0.0
3x3,147,0,1,0,0.0
3x3,147,1,1,0,0.0
3x3,148,0,1,0,0.0
3x3,148,1,1,0,0.0
3x3,149,0,1,0,0.0
3x3,149,1,1,0,0.0
3x3,150,0,1,0,0.0
3x3,150,1,1,0,0.0
3x3,151,0,1,0,0.0
3x3,151,1,1,0,0.0
3x3,152,0,1,0,0.0
3x3,152,1,1,0,0.0
3x3,153,0,1,0,0.0
3x3,153,1,1,0,0.0
3x3,154,0,1,0,0.0
3x3,154,1,1,0,0.0
3x3,155,0,1,0,0.0
3x3,155,1,1,0,0.0
3x3,156,0,1,0,0.0
3x3,156,1,1,0,0.0
3x3,157,0,1,0,0.0
3x3,157,1,1,0,0.0
3x3,158,0,1,0,0.0
3x3,158,1,1,0,0.0
3x3,159,0,1,0,0.0
3x3,159,1,1,0,0.0
3x3,160,0,1,0,0.0
3x3,160,1,1,0,0.0
3x3,161,0,1,0,0.0
3x3,161,1,1,0,0.0
3x3,162,0,1,0,0.0
3x3,162,1,1,0,0.0
3x3,163,0,1,0,0.0
3x3,163,1,1,0,0.0
3x3,164,0,1,0,0.0
3x3,164,1,1,0,0.0
3x3,165,0,1,0,0.0
3x3,165,1,1,0,0.0
3x3,166,0,1,0,0.0
3x3,166,1,1,0,0.0
3x3,167,0,1,0,0.0
3x3,167,1,1,0,0.0
3x3,168,0,1,0,0.0
3x3,168,1,1,0,0.0
3x3,169,0,1,0,0.0
3x3,169,1,1,0,0.0
3x3,170,0,1,0,0.0
3x3,170,1,1,0,0.0
3x3,171,0,1,0,0.0
3x3,171,1,1,0,0.0
3x3,172,0,1,0,0.0
3x3,172,1,1,0,0.0
3x3,173,0,1,0,0.0
3x3,173,1,1,0,0.0
3x3,174,0,1,0,0.0
3x3,174,1,1,0,0.0
3x3,175,0,1,0,0.0
3x3,175,1,1,0,0.0
3x3,176,0,1,0,0.0
3x3,176,1,1,0,0.0
3x3,177,0,1,0,0.0
3x3,177,1,1,0,0.0
3x3,178,0,1,0,0.0
3x3,178,1,1,0,0.0
3x3,179,0,1,0,0.0
3x3,179,1,1,0,0.0
3x3,180,0,1,0,0.0
3x3,180,1,1,0,0.0
3x3,181,0,1,0,0.0
3x3,181,1,1,0,0.0
3x3,182,0,1,0,0.0
3x3,182,1,1,0,0.0
3x3,183,0,1,0,0.0
3x3,183,1,1,0,0.0
3x3,184,0,1,0,0.0
3x3,184,1,1,0,0.0
3x3,185,0,1,0,0.0
3x3,185,1,1,0,0.0
3x3,186,0,1,0,0.0
3x3,186,1,1,0,0.0
3x3,187,0,1,0,0.0
3x3,187,1,1,0,0.0
3x3,188,0,1,0,0.0
3x3,188,1,1,0,0.0
3x3,189,0,1,0,0.0
3x3,189,1,1,0,0.0
3x3,190,0,1,0,0.0
3x3,190,1,1,0,0.0
3x3,191,0,1,0,0.0
3x3,191,1,1,0,0.0
3x3,192,0,1,0,0.0
3x3,192,1,1,0,0.0
3x3,193,0,1,0,0.0
3x3,193,1,1,0,0.0
3x3,194,0,1,0,0.0
3x3,194,1,1,0,0.0
3x3,195,0,1,0,0.0
3x3,195,1,1,0,0.0
3x3,196,0,1,0,0.0
3x3,196,1,1,0,0.0
3x3,197,0,1,0,0.0
3x3,197,1,1,0,0.0
3x3,198,0,1,0,0.0
3x3,198,1,1,0,0.0
3x3,199,0,1,0,0.0
3x3,199,1,1,0,0.0
3x3,200,0,1,0,0.0
3x3,200,1,1,0,0.0
3x3,201,0,1,0,0.0
3x3,201,1,1,0,0.0
3x3,202,0,1,0,0.0
3x3,202,1,1,0,0.0
3x3,203,0,1,0,0.0
3x3,203,1,1,0,0.0
3x3,204,0,1,0,0.0
3x3,204,1,1,0,0.0
3x3,205,0,1,0,0.0
3x3,205,1,1,0,0.0
3x3,206,0,1,0,0.0
3x3,206,1,1,0,0.0
3x3,207,0,1,0,0.0
3x3,207,1,1,0,0.0
3x3,208,0,1,0,0.0
3x3,208,1,1,0,0.0
3x3,209,0,1,1,0.3333333333333333
3x3,209,1,1,0,0.0
3x3,210,0,1,0,0.0
3x3,210,1,1,0,0.0
3x3,211,0,1,0,0.0
3x3,211,1,1,0,0.0
3x3,212,0,1,1,0.3333333333333333
3x3,212,1,1,0,0.0
3x3,213,0,1,0,0.0
3x3,213,1,1,0,0.0
3x3,214,0,1,1,0.3333333333333333
3x3,214,1,1,0,0.0
3x3,215,0,1,0,0.0
3x3,215,1,1,0,0.0
3x3,216,0,1,0,0.0
3x3,216,1,1,0,0.0
3x3,217,0,1,1,0.3333333333333333
3x3,217,1,1,0,0.0
3x3,218,0,1,0,0.0
3x3,218,1,1,0,0.0
3x3,219,0,1,0,0.0
3x3,219,1,1,0,0.0
3x3,220,0,1,1,0.3333333333333333
3x3,220,1,1,0,0.0
3x3,221,0,1,1,0.3333333333333333
3x3,221,1,1,0,0.0
3x3,222,0,1,0,0.0
3x3,222,1,1,0,0.0
3x3,223,0,1,0,0.0
3x3,223,1,1,0,0.0
3x3,224,0,1,0,0.0
3x3,224,1,1,0,0.0
3x3,225,0,1,0,0.0
3x3,225,1,1,0,0.0
3x3,226,0,1,0,0.0
3x3,226,1,1,0,0.0
3x3,227,0,1,0,0.0
3x3,227,1,1,0,0.0
3x3,228,0,1,1,0.3333333333333333
3x3,228,1,1,0,0.0
3x3,229,0,1,0,0.0
3x3,229,1,1,0,0.0
3x3,230,0,1,0,0.0
3x3,230,1,1,0,0.0
3x3,231,0,1,0,0.0
3x3,231,1,1,0,0.0
3x3,232,0,1,0,0.0
3x3,232,1,1,0,0.0
3x3,233,0,1,0,0.0
3x3,233,1,1,0,0.0
3x3,234,0,1,1,0.3333333333333333
3x3,234,1,1,0,0.0
3x3,235,0,1,0,0.0
3x3,235,1,1,0,0.0
3x3,236,0,1,0,0.0
3x3,236,1,1,0,0.0
3x3,237,0,1,1,0.3333333333333333
3x3,237,1,1,0,0.0
3x3,238,0,1,0,0.0
3x3,238,1,1,0,0.0
3x3,239,0,1,1,0.3333333333333333
3x3,239,1,1,0,0.0
3x3,240,0,1,0,0.0
3x3,240,1,1,0,0.0
3x3,241,0,1,1,0.3333333333333333
3x3,241,1,1,0,0.0
3x3,242,0,1,0,0.0
3x3,242,1,1,0,0.0
3x3,243,0,1,0,0.0
3x3,243,1,1,0,0.0
3x3,244,0,1,1,0.3333333333333333
3x3,244,1,1,0,0.0
3x3,245,0,1,0,0.0
3x3,245,1,1,0,0.0
3x3,246,0,1,1,0.3333333333333333
3x3,246,1,1,0,0.0
3x3,247,0,1,1,0.3333333333333333
3x3,247,1,1,0,0.0
3x3,248,0,1,0,0.0
3x3,248,1,1,0,0.0
3x3,249,0,1,0,0.0
3x3,249,1,1,0,0.0
3x3,250,0,1,0,0.0
3x3,250,1,1,0,0.0
3x3,251,0,1,0,0.0
3x3,251,1,1,0,0.0
3x3,252,0,1,0,0.0
3x3,252,1,1,0,0.0
3x3,253,0,1,1,0.3333333333333333
3x3,253,1,1,0,0.0
3x3,254,0,1,0,0.0
3x3,254,1,1,0,0.0
3x3,255,0,1,0,0.0
3x3,255,1,1,0,0.0
3x3,256,0,1,0,0.0
3x3,256,1,1,0,0.0
3x3,257,0,1,0,0.0
3x3,257,1,1,0,0.0
3x3,258,0,1,1,0.3333333333333333
3x3,258,1,1,0,0.0
3x3,259,0,1,0,0.0
3x3,259,1,1,0,0.0
3x3,260,0,1,0,0.0
3x3,260,1,1,0,0.0
3x3,261,0,1,0,0.0
3x3,261,1,1,0,0.0
3x3,262,0,1,1,0.3333333333333333
3x3,262,1,1,0,0.0
3x3,263,0,1,0,0.0
3x3,263,1,1,0,0.0
3x3,264,0,1,1,0.3333333333333333
3x3,264,1,1,0,0.0
3x3,265,0,1,0,0.0
3x3,265,1,1,0,0.0
3x3,266,0,1,1,0.3333333333333333
3x3,266,1,1,0,0.0
3x3,267,0,1,0,0.0
3x3,267,1,1,0,0.0
3x3,268,0,1,1,0.3333333333333333
3x3,268,1,1,0,0.0
3x3,269,0,1,0,0.0
3x3,269,1,1,0,0.0
3x3,270,0,1,1,0.3333333333333333
3x3,270,1,1,0,0.0
3x3,271,0,1,0,0.0
3x3,271,1,1,0,0.0
3x3,272,0,1,1,0.3333333333333333
3x3,272,1,1,0,0.0
3x3,273,0,1,0,0.0
3x3,273,1,1,0,0.0
3x3,274,0,1,0,0.0
3x3,274,1,1,0,0.0
3x3,275,0,1,0,0.0
3x3,275,1,1,0,0.0
3x3,276,0,1,0,0.0
3x3,276,1,1,0,0.0
3x3,277,0,1,0,0.0
3x3,277,1,1,0,0.0
3x3,278,0,1,0,0.0
3x3,278,1,1,1,0.3333333333333333
3x3,279,0,1,0,0.0
3x3,279,1,1,0,0.0
3x3,280,0,1,0,0.0
3x3,280,1,1,0,0.0
3x3,281,0,1,0,0.0
3x3,281,1,1,0,0.0
3x3,282,0,1,0,0.0
3x3,282,1,1,0,0.0
3x3,283,0,1,0,0.0
3x3,283,1,1,1,0.3333333333333333
3x3,284,0,1,0,0.0
3x3,284,1,1,0,0.0
3x3,285,0,1,0,0.0
3x3,285,1,1,0,0.0
3x3,286,0,1,1,0.3333333333333333
3x3,286,1,1,0,0.0
3x3,287,0,1,1,0.3333333333333333
3x3,287,1,1,0,0.0
3x3,288,0,1,0,0.0
3x3,288,1,1,0,0.0
3x3,289,0,1,1,0.3333333333333333
3x3,289,1,1,0,0.0
3x3,290,0,1,0,0.0
3x3,290,1,1,0,0.0
3x3,291,0,1,1,0.3333333333333333
3x3,291,1,1,0,0.0
3x3,292,0,1,1,0.3333333333333333
3x3,292,1,1,0,0.0
3x3,293,0,1,0,0.0
3x3,293,1,1,0,0.0
3x3,294,0,1,1,0.3333333333333333
3x3,294,1,1,0,0.0
3x3,295,0,1,0,0.0
3x3,295,1,1,0,0.0
3x3,296,0,1,0,0.0
3x3,296,1,1,0,0.0
3x3,297,0,1,0,0.0
3x3,297,1,1,0,0.0
3x3,298,0,1,0,0.0
3x3,298,1,1,0,0.0
3x3,299,0,1,0,0.0
3x3,299,1,1,1,0.3333333333333333
3x3,300,0,1,0,0.0
3x3,300,1,1,0,0.0
3x3,301,0,1,0,0.0
3x3,301,1,1,0,0.0
3x3,302,0,1,0,0.0
3x3,302,1,1,0,0.0
3x3,303,0,1,0,0.0
3x3,303,1,1,1,0.3333333333333333
3x3,304,0,1,0,0.0
3x3,304,1,1,0,0.0
3x3,305,0,1,0,0.0
3x3,305,1,1,0,0.0
3x3,306,0,1,0,0.0
3x3,306,1,1,0,0.0
3x3,307,0,1,0,0.0
3x3,307,1,1,0,0.0
3x3,308,0,1,0,0.0
3x3,308,1,1,0,0.0
3x3,309,0,1,0,0.0
3x3,309,1,1,0,0.0
3x3,310,0,1,0,0.0
3x3,310,1,1,0,0.0
3x3,311,0,1,0,0.0
3x3,311,1,1,0,0.0
3x3,312,0,1,0,0.0
3x3,312,1,1,0,0.0
3x3,313,0,1,0,0.0
3x3,313,1,1,0,0.0
3x3,314,0,1,0,0.0
3x3,314,1,1,0,0.0
3x3,315,0,1,0,0.0
3x3,315,1,1,0,0.0
3x3,316,0,1,0,0.0
3x3,316,1,1,0,0.0
3x3,317,0,1,0,0.0
3x3,317,1,1,0,0.0
3x3,318,0,1,0,0.0
3x3,318,1,1,0,0.0
3x3,319,0,1,0,0.0
3x3,319,1,1,0,0.0
3x3,320,0,1,0,0.0
3x3,320,1,1,0,0.0
3x3,321,0,1,0,0.0
3x3,321,1,1,0,0.0
3x3,322,0,1,0,0.0
3x3,322,1,1,0,0.0
3x3,323,0,1,0,0.0
3x3,323,1,1,0,0.0
3x3,324,0,1,0,0.0
3x3,324,1,1,0,0.0
3x3,325,0,1,0,0.0
3x3,325,1,1,0,0.0
3x3,326,0,1,0,0.0
3x3,326,1,1,0,0.0
3x3,327,0,1,0,0.0
3x3,327,1,1,0,0.0
3x3,328,0,1,0,0.0
3x3,328,1,1,0,0.0
3x3,329,0,1,0,0.0
3x3,329,1,1,0,0.0
3x3,330,0,1,0,0.0
3x3,330,1,1,0,0.0
3x3,331,0,1,0,0.0
3x3,331,1,1,0,0.0
3x3,332,0,1,0,0.0
3x3,332,1,1,0,0.0
3x3,333,0,1,0,0.0
3x3,333,1,1,0,0.0
3x3,334,0,1,0,0.0
3x3,334,1,1,0,0.0
3x3,335,0,1,0,0.0
3x3,335,1,1,0,0.0
3x3,336,0,1,0,0.0
3x3,336,1,1,0,0.0
3x3,337,0,1,0,0.0
3x3,337,1,1,0,0.0
3x3,338,0,1,0,0.0
3x3,338,1,1,0,0.0
3x3,339,0,1,0,0.0
3x3,339,1,1,0,0.0
3x3,340,0,1,0,0.0
3x3,340,1,1,0,0.0
3x3,341,0,1,0,0.0
3x3,341,1,1,0,0.0
3x3,342,0,1,0,0.0
3x3,342,1,1,0,0.0
3x3,343,0,1,0,0.0
3x3,343,1,1,0,0.0
3x3,344,0,1,0,0.0
3x3,344,1,1,0,0.0
3x3,345,0,1,0,0.0
3x3,345,1,1,0,0.0
3x3,346,0,1,0,0.0
3x3,346,1,1,0,0.0
3x3,347,0,1,0,0.0
3x3,347,1,1,0,0.0
3x3,348,0,1,0,0.0
3x3,348,1,1,0,0.0
3x3,349,0,1,0,0.0
3x3,349,1,1,0,0.0
3x3,350,0,1,0,0.0
3x3,350,1,1,0,0.0
3x3,351,0,1,0,0.0
3x3,351,1,1,0,0.0
3x3,352,0,1,0,0.0
3x3,352,1,1,0,0.0
3x3,353,0,1,0,0.0
3x3,353,1,1,0,0.0
3x3,354,0,1,0,0.0
3x3,354,1,1,0,0.0
3x3,355,0,1,0,0.0
3x3,355,1,1,0,0.0
3x3,356,0,1,0,0.0
3x3,356,1,1,0,0.0
3x3,357,0,1,0,0.0
3x3,357,1,1,0,0.0
3x3,358,0,1,0,0.0
3x3,358,1,1,0,0.0
3x3,359,0,1,0,0.0
3x3,359,1,1,0,0.0
3x3,360,0,1,0,0.0
3x3,360,1,1,0,0.0
3x3,361,0,1,0,0.0
3x3,361,1,1,0,0.0
3x3,362,0,1,0,0.0
3x3,362,1,1,0,0.0
3x3,363,0,1,0,0.0
3x3,363,1,1,0,0.0
3x3,364,0,1,0,0.0
3x3,364,1,1,0,0.0
3x3,365,0,1,0,0.0
3x3,365,1,1,0,0.0
3x3,366,0,1,0,0.0
3x3,366,1,1,0,0.0
3x3,367,0,1,0,0.0
3x3,367,1,1,0,0.0
3x3,368,0,1,0,0.0
3x3,368,1,1,0,0.0
3x3,369,0,1,0,0.0
3x3,369,1,1,0,0.0
3x3,370,0,1,0,0.0
3x3,370,1,1,0,0.0
3x3,371,0,1,0,0.0
3x3,371,1,1,0,0.0
3x3,372,0,1,0,0.0
3x3,372,1,1,0,0.0
3x3,373,0,1,0,0.0
3x3,373,1,1,0,0.0
3x3,374,0,1,0,0.0
3x3,374,1,1,0,0.0
3x3,375,0,1,0,0.0
3x3,375,1,1,0,0.0
3x3,376,0,1,0,0.0
3x3,376,1,1,0,0.0
3x3,377,0,1,0,0.0
3x3,377,1,1,0,0.0
3x3,378,0,1,0,0.0
3x3,378,1,1,0,0.0
3x3,379,0,1,0,0.0
3x3,379,1,1,0,0.0
3x3,380,0,1,0,0.0
3x3,380,1,1,0,0.0
3x3,381,0,1,0,0.0
3x3,381,1,1,0,0.0
3x3,382,0,1,0,0.0
3x3,382,1,1,0,0.0
3x3,383,0,1,0,0.0
3x3,383,1,1,0,0.0
3x3,384,0,1,0,0.0
3x3,384,1,1,0,0.0
3x3,385,0,1,1,0.3333333333333333
3x3,385,1,1,0,0.0
3x3,386,0,1,1,0.3333333333333333
3x3,386,1,1,0,0.0
3x3,387,0,1,1,0.3333333333333333
3x3,387,1,1,0,0.0
3x3,388,0,1,0,0.0
3x3,388,1,1,0,0.0
3x3,389,0,1,0,0.0
3x3,389,1,1,0,0.0
3x3,390,0,1,1,0.3333333333333333
3x3,390,1,1,0,0.0
3x3,391,0,1,0,0.0
3x3,391,1,1,0,0.0
3x3,392,0,1,1,0.3333333333333333
3x3,392,1,1,0,0.0
3x3,393,0,1,0,0.0
3x3,393,1,1,0,0.0
3x3,394,0,1,1,0.3333333333333333
3x3,394,1,1,0,0.0
3x3,395,0,1,1,0.3333333333333333
3x3,395,1,1,0,0.0
3x3,396,0,1,1,0.3333333333333333
3x3,396,1,1,0,0.0
3x3,397,0,1,1,0.3333333333333333
3x3,397,1,1,0,0.0
3x3,398,0,1,0,0.0
3x3,398,1,1,0,0.0
3x3,399,0,1,1,0.3333333333333333
3x3,399,1,1,0,0.0
3x3,400,0,1,0,0.0
3x3,400,1,1,0,0.0
3x3,401,0,1,0,0.0
3x3,401,1,1,0,0.0
3x3,402,0,1,1,0.3333333333333333
3x3,402,1,1,0,0.0
3x3,403,0,1,1,0.3333333333333333
3x3,403,1,1,0,0.0
3x3,404,0,1,0,0.0
3x3,404,1,1,0,0.0
3x3,405,0,1,0,0.0
3x3,405,1,1,0,0.0
3x3,406,0,1,1,0.3333333333333333
3x3,406,1,1,0,0.0
3x3,407,0,1,0,0.0
3x3,407,1,1,0,0.0
3x3,408,0,1,1,0.3333333333333333
3x3,408,1,1,0,0.0
3x3,409,0,1,1,0.3333333333333333
3x3,409,1,1,0,0.0
3x3,410,0,1,0,0.0
3x3,410,1,1,0,0.0
3x3,411,0,1,0,0.0
3x3,411,1,1,0,0.0
3x3,412,0,1,1,0.3333333333333333
3x3,412,1,1,0,0.0
3x3,413,0,1,1,0.3333333333333333
3x3,413,1,1,0,0.0
3x3,414,0,1,0,0.0
3x3,414,1,1,0,0.0
3x3,415,0,1,0,0.0
3x3,415,1,1,0,0.0
3x3,416,0,1,1,0.3333333333333333
3x3,416,1,1,0,0.0
3x3,417,0,1,0,0.0
3x3,417,1,1,0,0.0
3x3,418,0,1,0,0.0
3x3,418,1,1,0,0.0
3x3,419,0,1,1,0.3333333333333333
3x3,419,1,1,0,0.0
3x3,420,0,1,1,0.3333333333333333
3x3,420,1,1,0,0.0
3x3,421,0,1,1,0.3333333333333333
3x3,421,1,1,0,0.0
3x3,422,0,1,2,0.6666666666666666
3x3,422,1,1,0,0.0
3x3,423,0,1,0,0.0
3x3,423,1,1,0,0.0
3x3,424,0,1,0,0.0
3x3,424,1,1,0,0.0
3x3,425,0,1,1,0.3333333333333333
3x3,425,1,1,0,0.0
3x3,426,0,1,0,0.0
3x3,426,1,1,0,0.0
3x3,427,0,1,1,0.3333333333333333
3x3,427,1,1,0,0.0
3x3,428,0,1,1,0.3333333333333333
3x3,428,1,1,0,0.0
3x3,429,0,1,0,0.0
3x3,429,1,1,0,0.0
3x3,430,0,1,0,0.0
3x3,430,1,1,0,0.0
3x3,431,0,1,1,0.3333333333333333
3x3,431,1,1,0,0.0
3x3,432,0,1,1,0.3333333333333333
3x3,432,1,1,0,0.0
3x3,433,0,1,1,0.3333333333333333
3x3,433,1,1,0,0.0
3x3,434,0,1,0,0.0
3x3,434,1,1,0,0.0
3x3,435,0,1,0,0.0
3x3,435,1,1,0,0.0
3x3,436,0,1,1,0.3333333333333333
3x3,436,1,1,0,0.0
3x3,437,0,1,0,0.0
3x3,437,1,1,0,0.0
3x3,438,0,1,0,0.0
3x3,438,1,1,0,0.0
3x3,439,0,1,1,0.3333333333333333
3x3,439,1,1,0,0.0
3x3,440,0,1,0,0.0
3x3,440,1,1,0,0.0
3x3,441,0,1,1,0.3333333333333333
3x3,441,1,1,0,0.0
3x3,442,0,1,0,0.0
3x3,442,1,1,0,0.0
3x3,443,0,1,1,0.3333333333333333
3x3,443,1,1,0,0.0
3x3,444,0,1,0,0.0
3x3,444,1,1,0,0.0
3x3,445,0,1,1,0.3333333333333333
3x3,445,1,1,0,0.0
3x3,446,0,1,0,0.0
3x3,446,1,1,0,0.0
3x3,447,0,1,1,0.3333333333333333
3x3,447,1,1,0,0.0
3x3,448,0,1,0,0.0
3x3,448,1,1,0,0.0
3x3,449,0,1,1,0.3333333333333333
3x3,449,1,1,0,0.0
3x3,450,0,1,0,0.0
3x3,450,1,1,0,0.0
3x3,451,0,1,0,0.0
3x3,451,1,1,0,0.0
3x3,452,0,1,0,0.0
3x3,452,1,1,0,0.0
3x3,453,0,1,0,0.0
3x3,453,1,1,0,0.0
3x3,454,0,1,0,0.0
3x3,454,1,1,0,0.0
3x3,455,0,1,1,0.3333333333333333
3x3,455,1,1,0,0.0
3x3,456,0,1,0,0.0
3x3,456,1,1,0,0.0
3x3,457,0,1,0,0.0
3x3,457,1,1,0,0.0
3x3,458,0,1,0,0.0
3x3,458,1,1,0,0.0
3x3,459,0,1,0,0.0
3x3,459,1,1,0,0.0
3x3,460,0,1,1,0.3333333333333333
3x3,460,1,1,0,0.0
3x3,461,0,1,0,0.0
3x3,461,1,1,0,0.0
3x3,462,0,1,1,0.3333333333333333
3x3,462,1,1,0,0.0
3x3,463,0,1,1,0.3333333333333333
3x3,463,1,1,0,0.0
3x3,464,0,1,0,0.0
3x3,464,1,1,0,0.0
3x3,465,0,1,0,0.0
3x3,465,1,1,0,0.0
3x3,466,0,1,1,0.3333333333333333
3x3,466,1,1,0,0.0
3x3,467,0,1,1,0.3333333333333333
3x3,467,1,1,0,0.0
3x3,468,0,1,1,0.3333333333333333
3x3,468,1,1,0,0.0
3x3,469,0,1,0,0.0
3x3,469,1,1,0,0.0
3x3,470,0,1,0,0.0
3x3,470,1,1,0,0.0
3x3,471,0,1,1,0.3333333333333333
3x3,471,1,1,0,0.0
3x3,472,0,1,0,0.0
3x3,472,1,1,0,0.0
3x3,473,0,1,0,0.0
3x3,473,1,1,0,0.0
3x3,474,0,1,0,0.0
3x3,474,1,1,0,0.0
3x3,475,0,1,0,0.0
3x3,475,1,1,0,0.0
3x3,476,0,1,1,0.3333333333333333
3x3,476,1,1,0,0.0
3x3,477,0,1,0,0.0
3x3,477,1,1,0,0.0
3x3,478,0,1,0,0.0
3x3,478,1,1,0,0.0
3x3,479,0,1,0,0.0
3x3,479,1,1,0,0.0
3x3,480,0,1,1,0.3333333333333333
3x3,480,1,1,0,0.0
3x3,481,0,1,0,0.0
3x3,481,1,1,0,0.0
3x3,482,0,1,0,0.0
3x3,482,1,1,0,0.0
3x3,483,0,1,0,0.0
3x3,483,1,1,0,0.0
3x3,484,0,1,0,0.0
3x3,484,1,1,0,0.0
3x3,485,0,1,0,0.0
3x3,485,1,1,0,0.0
3x3,486,0,1,0,0.0
3x3,486,1,1,0,0.0
3x3,487,0,1,0,0.0
3x3,487,1,1,0,0.0
3x3,488,0,1,0,0.0
3x3,488,1,1,0,0.0
3x3,489,0,1,0,0.0
3x3,489,1,1,0,0.0
3x3,490,0,1,0,0.0
3x3,490,1,1,0,0.0
3x3,491,0,1,0,0.0
3x3,491,1,1,0,0.0
3x3,492,0,1,0,0.0
3x3,492,1,1,0,0.0
3x3,493,0,1,0,0.0
3x3,493,1,1,0,0.0
3x3,494,0,1,0,0.0
3x3,494,1,1,0,0.0
3x3,495,0,1,0,0.0
3x3,495,1,1,0,0.0
3x3,496,0,1,0,0.0
3x3,496,1,1,0,0.0
3x3,497,0,1,0,0.0
3x3,497,1,1,0,0.0
3x3,498,0,1,0,0.0
3x3,498,1,1,0,0.0
3x3,499,0,1,0,0.0
3x3,499,1,1,0,0.0
3x3,500,0,1,0,0.0
3x3,500,1,1,0,0.0
3x3,501,0,1,0,0.0
3x3,501,1,1,0,0.0
3x3,502,0,1,0,0.0
3x3,502,1,1,0,0.0
3x3,503,0,1,0,0.0
3x3,503,1,1,0,0.0
3x3,504,0,1,0,0.0
3x3,504,1,1,0,0.0
3x3,505,0,1,0,0.0
3x3,505,1,1,0,0.0
3x3,506,0,1,0,0.0
3x3,506,1,1,0,0.0
3x3,507,0,1,0,0.0
3x3,507,1,1,0,0.0
3x3,508,0,1,0,0.0
3x3,508,1,1,0,0.0
3x3,509,0,1,0,0.0
3x3,509,1,1,0,0.0
3x3,510,0,1,0,0.0
3x3,510,1,1,0,0.0
3x3,511,0,1,0,0.0
3x3,511,1,1,0,0.0
3x3,512,0,1,0,0.0
3x3,512,1,1,0,0.0
3x3,513,0,1,0,0.0
3x3,513,1,1,0,0.0
3x3,514,0,1,0,0.0
3x3,514,1,1,0,0.0
3x3,515,0,1,0,0.0
3x3,515,1,1,0,0.0
3x3,516,0,1,0,0.0
3x3,516,1,1,0,0.0
3x3,517,0,1,0,0.0
3x3,517,1,1,0,0.0
3x3,518,0,1,0,0.0
3x3,518,1,1,0,0.0
3x3,519,0,1,0,0.0
3x3,519,1,1,0,0.0
3x3,520,0,1,0,0.0
3x3,520,1,1,0,0.0
3x3,521,0,1,0,0.0
3x3,521,1,1,0,0.0
3x3,522,0,1,0,0.0
3x3,522,1,1,0,0.0
3x3,523,0,1,0,0.0
3x3,523,1,1,0,0.0
3x3,524,0,1,0,0.0
3x3,524,1,1,0,0.0
3x3,525,0,1,0,0.0
3x3,525,1,1,0,0.0
3x3,526,0,1,0,0.0
3x3,526,1,1,0,0.0
3x3,527,0,1,0,0.0
3x3,527,1,1,0,0.0
3x3,528,0,1,0,0.0
3x3,528,1,1,0,0.0
3x3,529,0,1,0,0.0
3x3,529,1,1,0,0.0
3x3,530,0,1,0,0.0
3x3,530,1,1,0,0.0
3x3,531,0,1,0,0.0
3x3,531,1,1,0,0.0
3x3,532,0,1,0,0.0
3x3,532,1,1,0,0.0
3x3,533,0,1,0,0.0
3x3,533,1,1,0,0.0
3x3,534,0,1,0,0.0
3x3,534,1,1,0,0.0
3x3,535,0,1,0,0.0
3x3,535,1,1,0,0.0
3x3,536,0,1,0,0.0
3x3,536,1,1,0,0.0
3x3,537,0,1,0,0.0
3x3,537,1,1,0,0.0
3x3,538,0,1,0,0.0
3x3,538,1,1,0,0.0
3x3,539,0,1,0,0.0
3x3,539,1,1,0,0.0
3x3,540,0,1,0,0.0
3x3,540,1,1,0,0.0
3x3,541,0,1,0,0.0
3x3,541,1,1,0,0.0
3x3,542,0,1,0,0.0
3x3,542,1,1,0,0.0
3x3,543,0,1,0,0.0
3x3,543,1,1,0,0.0
3x3,544,0,1,0,0.0
3x3,544,1,1,0,0.0
3x3,545,0,1,0,0.0
3x3,545,1,1,0,0.0
3x3,546,0,1,0,0.0
3x3,546,1,1,0,0.0
3x3,547,0,1,0,0.0
3x3,547,1,1,0,0.0
3x3,548,0,1,0,0.0
3x3,548,1,1,0,0.0
3x3,549,0,1,0,0.0
3x3,549,1,1,0,0.0
3x3,550,0,1,0,0.0
3x3,550,1,1,0,0.0
3x3,551,0,1,0,0.0
3x3,551,1,1,0,0.0
3x3,552,0,1,0,0.0
3x3,552,1,1,0,0.0
3x3,553,0,1,0,0.0
3x3,553,1,1,0,0.0
3x3,554,0,1,0,0.0
3x3,554,1,1,0,0.0
3x3,555,0,1,0,0.0
3x3,555,1,1,0,0.0
3x3,556,0,1,0,0.0
3x3,556,1,1,0,0.0
3x3,557,0,1,0,0.0
3x3,557,1,1,0,0.0
3x3,558,0,1,0,0.0
3x3,558,1,1,0,0.0
3x3,559,0,1,0,0.0
3x3,559,1,1,0,0.0
3x3,560,0,1,0,0.0
3x3,560,1,1,0,0.0
3x3,561,0,1,1,0.3333333333333333
3x3,561,1,1,0,0.0
3x3,562,0,1,0,0.0
3x3,562,1,1,0,0.0
3x3,563,0,1,0,0.0
3x3,563,1,1,0,0.0
3x3,564,0,1,0,0.0
3x3,564,1,1,0,0.0
3x3,565,0,1,1,0.3333333333333333
3x3,565,1,1,0,0.0
3x3,566,0,1,1,0.3333333333333333
3x3,566,1,1,0,0.0
3x3,567,0,1,0,0.0
3x3,567,1,1,0,0.0
3x3,568,0,1,1,0.3333333333333333
3x3,568,1,1,0,0.0
3x3,569,0,1,0,0.0
3x3,569,1,1,0,0.0
3x3,570,0,1,1,0.3333333333333333
3x3,570,1,1,0,0.0
3x3,571,0,1,2,0.6666666666666666
3x3,571,1,1,0,0.0
3x3,572,0,1,1,0.3333333333333333
3x3,572,1,1,0,0.0
3x3,573,0,1,0,0.0
3x3,573,1,1,0,0.0
3x3,574,0,1,0,0.0
3x3,574,1,1,0,0.0
3x3,575,0,1,0,0.0
3x3,575,1,1,0,0.0
3x3,576,0,1,1,0.3333333333333333
3x3,576,1,1,0,0.0
3x3,577,0,1,1,0.3333333333333333
3x3,577,1,1,0,0.0
3x3,578,0,1,1,0.3333333333333333
3x3,578,1,1,0,0.0
3x3,579,0,1,0,0.0
3x3,579,1,1,0,0.0
3x3,580,0,1,0,0.0
3x3,580,1,1,0,0.0
3x3,581,0,1,1,0.3333333333333333
3x3,581,1,1,0,0.0
3x3,582,0,1,1,0.3333333333333333
3x3,582,1,1,0,0.0
3x3,583,0,1,1,0.3333333333333333
3x3,583,1,1,0,0.0
3x3,584,0,1,0,0.0
3x3,584,1,1,0,0.0
3x3,585,0,1,1,0.3333333333333333
3x3,585,1,1,0,0.0
3x3,586,0,1,0,0.0
3x3,586,1,1,0,0.0
3x3,587,0,1,0,0.0
3x3,587,1,1,0,0.0
3x3,588,0,1,1,0.3333333333333333
3x3,588,1,1,0,0.0
3x3,589,0,1,1,0.3333333333333333
3x3,589,1,1,0,0.0
3x3,590,0,1,0,0.0
3x3,590,1,1,0,0.0
3x3,591,0,1,1,0.3333333333333333
3x3,591,1,1,0,0.0
3x3,592,0,1,1,0.3333333333333333
3x3,592,1,1,0,0.0
3x3,593,0,1,2,0.6666666666666666
3x3,593,1,1,0,0.0
3x3,594,0,1,1,0.3333333333333333
3x3,594,1,1,0,0.0
3x3,595,0,1,0,0.0
3x3,595,1,1,0,0.0
3x3,596,0,1,0,0.0
3x3,596,1,1,0,0.0
3x3,597,0,1,1,0.3333333333333333
3x3,597,1,1,0,0.0
3x3,598,0,1,1,0.3333333333333333
3x3,598,1,1,0,0.0
3x3,599,0,1,1,0.3333333333333333
3x3,599,1,1,0,0.0
3x3,600,0,1,0,0.0
3x3,600,1,1,0,0.0
3x3,601,0,1,1,0.3333333333333333
3x3,601,1,1,0,0.0
3x3,602,0,1,1,0.3333333333333333
3x3,602,1,1,0,0.0
3x3,603,0,1,1,0.3333333333333333
3x3,603,1,1,0,0.0
3x3,604,0,1,0,0.0
3x3,604,1,1,0,0.0
3x3,605,0,1,0,0.0
3x3,605,1,1,0,0.0
3x3,606,0,1,1,0.3333333333333333
3x3,606,1,1,0,0.0
3x3,607,0,1,0,0.0
3x3,607,1,1,0,0.0
3x3,608,0,1,1,0.3333333333333333
3x3,608,1,1,0,0.0
3x3,609,0,1,1,0.3333333333333333
3x3,609,1,1,0,0.0
3x3,610,0,1,0,0.0
3x3,610,1,1,0,0.0
3x3,611,0,1,1,0.3333333333333333
3x3,611,1,1,0,0.0
3x3,612,0,1,0,0.0
3x3,612,1,1,0,0.0
3x3,613,0,1,1,0.3333333333333333
3x3,613,1,1,0,0.0
3x3,614,0,1,1,0.3333333333333333
3x3,614,1,1,0,0.0
3x3,615,0,1,0,0.0
3x3,615,1,1,0,0.0
3x3,616,0,1,0,0.0
3x3,616,1,1,0,0.0
3x3,617,0,1,0,0.0
3x3,617,1,1,0,0.0
3x3,618,0,1,0,0.0
3x3,618,1,1,0,0.0
3x3,619,0,1,0,0.0
3x3,619,1,1,1,0.3333333333333333
3x3,620,0,1,0,0.0
3x3,620,1,1,0,0.0
3x3,621,0,1,0,0.0
3x3,621,1,1,0,0.0
3x3,622,0,1,0,0.0
3x3,622,1,1,0,0.0
3x3,623,0,1,0,0.0
3x3,623,1,1,1,0.3333333333333333
3x3,624,0,1,0,0.0
3x3,624,1,1,0,0.0
3x3,625,0,1,0,0.0
3x3,625,1,1,0,0.0
3x3,626,0,1,1,0.3333333333333333
3x3,626,1,1,0,0.0
3x3,627,0,1,1,0.3333333333333333
3x3,627,1,1,0,0.0
3x3,628,0,1,1,0.3333333333333333
3x3,628,1,1,0,0.0
3x3,629,0,1,0,0.0
3x3,629,1,1,0,0.0
3x3,630,0,1,1,0.3333333333333333
3x3,630,1,1,0,0.0
3x3,631,0,1,1,0.3333333333333333
3x3,631,1,1,0,0.0
3x3,632,0,1,1,0.3333333333333333
3x3,632,1,1,0,0.0
3x3,633,0,1,0,0.0
3x3,633,1,1,0,0.0
3x3,634,0,1,0,0.0
3x3,634,1,1,0,0.0
3x3,635,0,1,0,0.0
3x3,635,1,1,0,0.0
3x3,636,0,1,0,0.0
3x3,636,1,1,1,0.3333333333333333
3x3,637,0,1,0,0.0
3x3,637,1,1,0,0.0
3x3,638,0,1,0,0.0
3x3,638,1,1,0,0.0
3x3,639,0,1,0,0.0
3x3,639,1,1,1,0.3333333333333333
3x3,640,0,1,0,0.0
3x3,640,1,1,0,0.0
3x3,641,0,1,0,0.0
3x3,641,1,1,0,0.0
3x3,642,0,1,0,0.0
3x3,642,1,1,0,0.0
3x3,643,0,1,0,0.0
3x3,643,1,1,0,0.0
3x3,644,0,1,0,0.0
3x3,644,1,1,0,0.0
3x3,645,0,1,0,0.0
3x3,645,1,1,0,0.0
3x3,646,0,1,0,0.0
3x3,646,1,1,0,0.0
3x3,647,0,1,0,0.0
3x3,647,1,1,0,0.0
3x3,648,0,1,0,0.0
3x3,648,1,1,0,0.0
3x3,649,0,1,0,0.0
3x3,649,1,1,0,0.0
3x3,650,0,1,0,0.0
3x3,650,1,1,0,0.0
3x3,651,0,1,0,0.0
3x3,651,1,1,0,0.0
3x3,652,0,1,0,0.0
3x3,652,1,1,0,0.0
3x3,653,0,1,0,0.0
3x3,653,1,1,0,0.0
3x3,654,0,1,0,0.0
3x3,654,1,1,0,0.0
3x3,655,0,1,0,0.0
3x3,655,1,1,0,0.0
3x3,656,0,1,0,0.0
3x3,656,1,1,0,0.0
3x3,657,0,1,0,0.0
3x3,657,1,1,0,0.0
3x3,658,0,1,0,0.0
3x3,658,1,1,0,0.0
3x3,659,0,1,0,0.0
3x3,659,1,1,0,0.0
3x3,660,0,1,0,0.0
3x3,660,1,1,0,0.0
3x3,661,0,1,0,0.0
3x3,661,1,1,0,0.0
3x3,662,0,1,0,0.0
3x3,662,1,1,0,0.0
3x3,663,0,1,0,0.0
3x3,663,1,1,0,0.0
3x3,664,0,1,0,0.0
3x3,664,1,1,0,0.0
3x3,665,0,1,0,0.0
3x3,665,1,1,0,0.0
3x3,666,0,1,0,0.0
3x3,666,1,1,0,0.0
3x3,667,0,1,0,0.0
3x3,667,1,1,0,0.0
3x3,668,0,1,0,0.0
3x3,668,1,1,0,0.0
3x3,669,0,1,0,0.0
3x3,669,1,1,0,0.0
3x3,670,0,1,0,0.0
3x3,670,1,1,0,0.0
3x3,671,0,1,0,0.0
3x3,671,1,1,0,0.0
3x3,672,0,1,0,0.0
3x3,672,1,1,0,0.0
3x3,673,0,1,0,0.0
3x3,673,1,1,0,0.0
3x3,674,0,1,0,0.0
3x3,674,1,1,0,0.0
3x3,675,0,1,0,0.0
3x3,675,1,1,0,0.0
3x3,676,0,1,0,0.0
3x3,676,1,1,0,0.0
3x3,677,0,1,0,0.0
3x3,677,1,1,0,0.0
3x3,678,0,1,0,0.0
3x3,678,1,1,0,0.0
3x3,679,0,1,0,0.0
3x3,679,1,1,0,0.0
3x3,680,0,1,0,0.0
3x3,680,1,1,0,0.0
3x3,681,0,1,0,0.0
3x3,681,1,1,0,0.0
3x3,682,0,1,0,0.0
3x3,682,1,1,0,0.0
3x3,683,0,1,0,0.0
3x3,683,1,1,0,0.0
3x3,684,0,1,0,0.0
3x3,684,1,1,0,0.0
3x3,685,0,1,0,0.0
3x3,685,1,1,0,0.0
3x3,686,0,1,0,0.0
3x3,686,1,1,0,0.0
3x3,687,0,1,0,0.0
3x3,687,1,1,0,0.0
3x3,688,0,1,0,0.0
3x3,688,1,1,0,0.0
3x3,689,0,1,0,0.0
3x3,689,1,1,0,0.0
3x3,690,0,1,0,0.0
3x3,690,1,1,0,0.0
3x3,691,0,1,0,0.0
3x3,691,1,1,0,0.0
3x3,692,0,1,0,0.0
3x3,692,1,1,0,0.0
3x3,693,0,1,0,0.0
3x3,693,1,1,0,0.0
3x3,694,0,1,0,0.0
3x3,694,1,1,0,0.0
3x3,695,0,1,0,0.0
3x3,695,1,1,0,0.0
3x3,696,0,1,0,0.0
3x3,696,1,1,0,0.0
3x3,697,0,1,0,0.0
3x3,697,1,1,0,0.0
3x3,698,0,1,0,0.0
3x3,698,1,1,0,0.0
3x3,699,0,1,0,0.0
3x3,699,1,1,0,0.0
3x3,700,0,1,0,0.0
3x3,700,1,1,0,0.0
3x3,701,0,1,0,0.0
3x3,701,1,1,0,0.0
3x3,702,0,1,0,0.0
3x3,702,1,1,0,0.0
3x3,703,0,1,0,0.0
3x3,703,1,1,0,0.0
3x3,704,0,1,0,0.0
3x3,704,1,1,0,0.0
3x3,705,0,1,1,0.3333333333333333
3x3,705,1,1,0,0.0
3x3,706,0,1,1,0.3333333333333333
3x3,706,1,1,0,0.0
3x3,707,0,1,1,0.3333333333333333
3x3,707,1,1,0,0.0
3x3,708,0,1,0,0.0
3x3,708,1,1,0,0.0
3x3,709,0,1,0,0.0
3x3,709,1,1,0,0.0
3x3,710,0,1,0,0.0
3x3,710,1,1,0,0.0
3x3,711,0,1,0,0.0
3x3,711,1,1,0,0.0
3x3,712,0,1,0,0.0
3x3,712,1,1,0,0.0
3x3,713,0,1,0,0.0
3x3,713,1,1,0,0.0
3x3,714,0,1,1,0.3333333333333333
3x3,714,1,1,0,0.0
3x3,715,0,1,1,0.3333333333333333
3x3,715,1,1,0,0.0
3x3,716,0,1,1,0.3333333333333333
3x3,716,1,1,0,0.0
3x3,717,0,1,0,0.0
3x3,717,1,1,0,0.0
3x3,718,0,1,0,0.0
3x3,718,1,1,0,0.0
3x3,719,0,1,0,0.0
3x3,719,1,1,0,0.0
3x3,720,0,1,0,0.0
3x3,720,1,1,0,0.0
3x3,721,0,1,0,0.0
3x3,721,1,1,0,0.0
3x3,722,0,1,1,0.3333333333333333
3x3,722,1,1,0,0.0
3x3,723,0,1,1,0.3333333333333333
3x3,723,1,1,0,0.0
3x3,724,0,1,1,0.3333333333333333
3x3,724,1,1,0,0.0
3x3,725,0,1,0,0.0
3x3,725,1,1,0,0.0
3x3,726,0,1,0,0.0
3x3,726,1,1,0,0.0
3x3,727,0,1,0,0.0
3x3,727,1,1,0,0.0
3x3,728,0,1,1,0.3333333333333333
3x3,728,1,1,0,0.0
3x3,729,0,1,1,0.3333333333333333
3x3,729,1,1,0,0.0
3x3,730,0,1,1,0.3333333333333333
3x3,730,1,1,0,0.0
3x3,731,0,1,0,0.0
3x3,731,1,1,0,0.0
3x3,732,0,1,0,0.0
3x3,732,1,1,0,0.0
3x3,733,0,1,1,0.3333333333333333
3x3,733,1,1,0,0.0
3x3,734,0,1,0,0.0
3x3,734,1,1,0,0.0
3x3,735,0,1,0,0.0
3x3,735,1,1,0,0.0
3x3,736,0,1,1,0.3333333333333333
3x3,736,1,1,0,0.0
3x3,737,0,1,1,0.3333333333333333
3x3,737,1,1,0,0.0
3x3,738,0,1,0,0.0
3x3,738,1,1,0,0.0
3x3,739,0,1,0,0.0
3x3,739,1,1,0,0.0
3x3,740,0,1,1,0.3333333333333333
3x3,740,1,1,0,0.0
3x3,741,0,1,1,0.3333333333333333
3x3,741,1,1,0,0.0
3x3,742,0,1,2,0.6666666666666666
3x3,742,1,1,0,0.0
3x3,743,0,1,1,0.3333333333333333
3x3,743,1,1,0,0.0
3x3,744,0,1,0,0.0
3x3,744,1,1,0,0.0
3x3,745,0,1,0,0.0
3x3,745,1,1,0,0.0
3x3,746,0,1,0,0.0
3x3,746,1,1,0,0.0
3x3,747,0,1,1,0.3333333333333333
3x3,747,1,1,0,0.0
3x3,748,0,1,1,0.3333333333333333
3x3,748,1,1,0,0.0
3x3,749,0,1,1,0.3333333333333333
3x3,749,1,1,0,0.0
3x3,750,0,1,0,0.0
3x3,750,1,1,0,0.0
3x3,751,0,1,0,0.0
3x3,751,1,1,0,0.0
3x3,752,0,1,1,0.3333333333333333
3x3,752,1,1,0,0.0
3x3,753,0,1,1,0.3333333333333333
3x3,753,1,1,0,0.0
3x3,754,0,1,1,0.3333333333333333
3x3,754,1,1,0,0.0
3x3,755,0,1,0,0.0
3x3,755,1,1,0,0.0
3x3,756,0,1,0,0.0
3x3,756,1,1,0,0.0
3x3,757,0,1,0,0.0
3x3,757,1,1,0,0.0
3x3,758,0,1,0,0.0
3x3,758,1,1,0,0.0
3x3,759,0,1,1,0.3333333333333333
3x3,759,1,1,0,0.0
3x3,760,0,1,0,0.0
3x3,760,1,1,0,0.0
3x3,761,0,1,0,0.0
3x3,761,1,1,0,0.0
3x3,762,0,1,0,0.0
3x3,762,1,1,0,0.0
3x3,763,0,1,0,0.0
3x3,763,1,1,0,0.0
3x3,764,0,1,0,0.0
3x3,764,1,1,0,0.0
3x3,765,0,1,1,0.3333333333333333
3x3,765,1,1,0,0.0
3x3,766,0,1,0,0.0
3x3,766,1,1,0,0.0
3x3,767,0,1,0,0.0
3x3,767,1,1,0,0.0
3x3,768,0,1,0,0.0
3x3,768,1,1,0,0.0
3x3,769,0,1,0,0.0
3x3,769,1,1,0,0.0
3x3,770,0,1,0,0.0
3x3,770,1,1,0,0.0
3x3,771,0,1,0,0.0
3x3,771,1,1,0,0.0
3x3,772,0,1,0,0.0
3x3,772,1,1,0,0.0
3x3,773,0,1,0,0.0
3x3,773,1,1,1,0.3333333333333333
3x3,774,0,1,0,0.0
3x3,774,1,1,0,0.0
3x3,775,0,1,0,0.0
3x3,775,1,1,0,0.0
3x3,776,0,1,0,0.0
3x3,776,1,1,0,0.0
3x3,777,0,1,0,0.0
3x3,777,1,1,0,0.0
3x3,778,0,1,0,0.0
3x3,778,1,1,1,0.3333333333333333
3x3,779,0,1,0,0.0
3x3,779,1,1,0,0.0
3x3,780,0,1,0,0.0
3x3,780,1,1,0,0.0
3x3,781,0,1,0,0.0
3x3,781,1,1,0,0.0
3x3,782,0,1,1,0.3333333333333333
3x3,782,1,1,0,0.0
3x3,783,0,1,1,0.3333333333333333
3x3,783,1,1,0,0.0
3x3,784,0,1,1,0.3333333333333333
3x3,784,1,1,0,0.0
3x3,785,0,1,0,0.0
3x3,785,1,1,0,0.0
3x3,786,0,1,0,0.0
3x3,786,1,1,0,0.0
3x3,787,0,1,1,0.3333333333333333
3x3,787,1,1,0,0.0
3x3,788,0,1,1,0.3333333333333333
3x3,788,1,1,0,0.0
3x3,789,0,1,1,0.3333333333333333
3x3,789,1,1,0,0.0
3x3,790,0,1,0,0.0
3x3,790,1,1,0,0.0
3x3,791,0,1,0,0.0
3x3,791,1,1,0,0.0
3x3,792,0,1,0,0.0
3x3,792,1,1,0,0.0
3x3,793,0,1,0,0.0
3x3,793,1,1,0,0.0
3x3,794,0,1,0,0.0
3x3,794,1,1,1,0.3333333333333333
3x3,795,0,1,0,0.0
3x3,795,1,1,0,0.0
3x3,796,0,1,0,0.0
3x3,796,1,1,0,0.0
3x3,797,0,1,0,0.0
3x3,797,1,1,0,0.0
3x3,798,0,1,0,0.0
3x3,798,1,1,1,0.3333333333333333
3x3,799,0,1,0,0.0
3x3,799,1,1,0,0.0
3x3,800,0,1,0,0.0
3x3,800,1,1,0,0.0
3x3,801,0,1,0,0.0
3x3,801,1,1,0,0.0
3x3,802,0,1,0,0.0
3x3,802,1,1,0,0.0
3x3,803,0,1,0,0.0
3x3,803,1,1,0,0.0
3x3,804,0,1,0,0.0
3x3,804,1,1,0,0.0
3x3,805,0,1,0,0.0
3x3,805,1,1,0,0.0
3x3,806,0,1,0,0.0
3x3,806,1,1,0,0.0
3x3,807,0,1,0,0.0
3x3,807,1,1,0,0.0
3x3,808,0,1,0,0.0
3x3,808,1,1,0,0.0
3x3,809,0,1,0,0.0
3x3,809,1,1,0,0.0
3x3,810,0,1,0,0.0
3x3,810,1,1,0,0.0
3x3,811,0,1,0,0.0
3x3,811,1,1,0,0.0
3x3,812,0,1,0,0.0
3x3,812,1,1,0,0.0
3x3,813,0,1,0,0.0
3x3,813,1,1,0,0.0
3x3,814,0,1,0,0.0
3x3,814,1,1,0,0.0
3x3,815,0,1,0,0.0
3x3,815,1,1,0,0.0
3x3,816,0,1,0,0.0
3x3,816,1,1,0,0.0
3x3,817,0,1,0,0.0
3x3,817,1,1,0,0.0
3x3,818,0,1,0,0.0
3x3,818,1,1,0,0.0
3x3,819,0,1,0,0.0
3x3,819,1,1,0,0.0
3x3,820,0,1,0,0.0
3x3,820,1,1,0,0.0
3x3,821,0,1,0,0.0
3x3,821,1,1,0,0.0
3x3,822,0,1,0,0.0
3x3,822,1,1,0,0.0
3x3,823,0,1,0,0.0
3x3,823,1,1,0,0.0
3x3,824,0,1,0,0.0
3x3,824,1,1,0,0.0
3x3,825,0,1,0,0.0
3x3,825,1,1,0,0.0
3x3,826,0,1,0,0.0
3x3,826,1,1,0,0.0
3x3,827,0,1,0,0.0
3x3,827,1,1,0,0.0
3x3,828,0,1,0,0.0
3x3,828,1,1,0,0.0
3x3,829,0,1,0,0.0
3x3,829,1,1,0,0.0
3x3,830,0,1,0,0.0
3x3,830,1,1,0,0.0
3x3,831,0,1,0,0.0
3x3,831,1,1,0,0.0
3x3,832,0,1,0,0.0
3x3,832,1,1,0,0.0
3x3,833,0,1,0,0.0
3x3,833,1,1,0,0.0
3x3,834,0,1,0,0.0
3x3,834,1,1,0,0.0
3x3,835,0,1,0,0.0
3x3,835,1,1,0,0.0
3x3,836,0,1,0,0.0
3x3,836,1,1,0,0.0
3x3,837,0,1,0,0.0
3x3,837,1,1,0,0.0
3x3,838,0,1,0,0.0
3x3,838,1,1,0,0.0
3x3,839,0,1,0,0.0
3x3,839,1,1,0,0.0
3x3,840,0,1,0,0.0
3x3,840,1,1,0,0.0
3x3,841,0,1,0,0.0
3x3,841,1,1,0,0.0
3x3,842,0,1,0,0.0
3x3,842,1,1,0,0.0
3x3,843,0,1,0,0.0
3x3,843,1,1,0,0.0
3x3,844,0,1,0,0.0
3x3,844,1,1,0,0.0
3x3,845,0,1,0,0.0
3x3,845,1,1,0,0.0
3x3,846,0,1,0,0.0
3x3,846,1,1,0,0.0
3x3,847,0,1,0,0.0
3x3,847,1,1,0,0.0
3x3,848,0,1,0,0.0
3x3,848,1,1,0,0.0
3x3,849,0,1,0,0.0
3x3,849,1,1,0,0.0
3x3,850,0,1,0,0.0
3x3,850,1,1,0,0.0
3x3,851,0,1,0,0.0
3x3,851,1,1,0,0.0
3x3,852,0,1,0,0.0
3x3,852,1,1,0,0.0
3x3,853,0,1,0,0.0
3x3,853,1,1,0,0.0
3x3,854,0,1,0,0.0
3x3,854,1,1,0,0.0
3x3,855,0,1,0,0.0
3x3,855,1,1,0,0.0
3x3,856,0,1,0,0.0
3x3,856,1,1,0,0.0
3x3,857,0,1,0,0.0
3x3,857,1,1,0,0.0
3x3,858,0,1,0,0.0
3x3,858,1,1,0,0.0
3x3,859,0,1,0,0.0
3x3,859,1,1,0,0.0
3x3,860,0,1,0,0.0
3x3,860,1,1,0,0.0
3x3,861,0,1,0,0.0
3x3,861,1,1,0,0.0
3x3,862,0,1,0,0.0
3x3,862,1,1,0,0.0
3x3,863,0,1,0,0.0
3x3,863,1,1,0,0.0
3x3,864,0,1,0,0.0
3x3,864,1,1,0,0.0
3x3,865,0,1,0,0.0
3x3,865,1,1,0,0.0
3x3,866,0,1,0,0.0
3x3,866,1,1,0,0.0
3x3,867,0,1,0,0.0
3x3,867,1,1,0,0.0
3x3,868,0,1,0,0.0
3x3,868,1,1,0,0.0
3x3,869,0,1,0,0.0
3x3,869,1,1,0,0.0
3x3,870,0,1,0,0.0
3x3,870,1,1,0,0.0
3x3,871,0,1,0,0.0
3x3,871,1,1,0,0.0
3x3,872,0,1,0,0.0
3x3,872,1,1,0,0.0
3x3,873,0,1,0,0.0
3x3,873,1,1,0,0.0
3x3,874,0,1,0,0.0
3x3,874,1,1,0,0.0
3x3,875,0,1,0,0.0
3x3,875,1,1,0,0.0
3x3,876,0,1,0,0.0
3x3,876,1,1,0,0.0
3x3,877,0,1,0,0.0
3x3,877,1,1,0,0.0
3x3,878,0,1,0,0.0
3x3,878,1,1,0,0.0
3x3,879,0,1,0,0.0
3x3,879,1,1,0,0.0
3x3,880,0,1,0,0.0
3x3,880,1,1,0,0.0
3x3,881,0,1,1,0.3333333333333333
3x3,881,1,1,0,0.0
3x3,882,0,1,0,0.0
3x3,882,1,1,0,0.0
3x3,883,0,1,0,0.0
3x3,883,1,1,0,0.0
3x3,884,0,1,0,0.0
3x3,884,1,1,0,0.0
3x3,885,0,1,0,0.0
3x3,885,1,1,0,0.0
3x3,886,0,1,0,0.0
3x3,886,1,1,0,0.0
3x3,887,0,1,0,0.0
3x3,887,1,1,0,0.0
3x3,888,0,1,1,0.3333333333333333
3x3,888,1,1,0,0.0
3x3,889,0,1,0,0.0
3x3,889,1,1,0,0.0
3x3,890,0,1,1,0.3333333333333333
3x3,890,1,1,0,0.0
3x3,891,0,1,1,0.3333333333333333
3x3,891,1,1,0,0.0
3x3,892,0,1,0,0.0
3x3,892,1,1,0,0.0
3x3,893,0,1,0,0.0
3x3,893,1,1,0,0.0
3x3,894,0,1,0,0.0
3x3,894,1,1,0,0.0
3x3,895,0,1,0,0.0
3x3,895,1,1,0,0.0
3x3,896,0,1,0,0.0
3x3,896,1,1,1,0.3333333333333333
3x3,897,0,1,0,0.0
3x3,897,1,1,0,0.0
3x3,898,0,1,0,0.0
3x3,898,1,1,0,0.0
3x3,899,0,1,0,0.0
3x3,899,1,1,0,0.0
3x3,900,0,1,0,0.0
3x3,900,1,1,0,0.0
3x3,901,0,1,0,0.0
3x3,901,1,1,1,0.3333333333333333
3x3,902,0,1,0,0.0
3x3,902,1,1,0,0.0
3x3,903,0,1,0,0.0
3x3,903,1,1,0,0.0
3x3,904,0,1,0,0.0
3x3,904,1,1,0,0.0
3x3,905,0,1,1,0.3333333333333333
3x3,905,1,1,0,0.0
3x3,906,0,1,0,0.0
3x3,906,1,1,0,0.0
3x3,907,0,1,0,0.0
3x3,907,1,1,0,0.0
3x3,908,0,1,0,0.0
3x3,908,1,1,0,0.0
3x3,909,0,1,0,0.0
3x3,909,1,1,0,0.0
3x3,910,0,1,0,0.0
3x3,910,1,1,0,0.0
3x3,911,0,1,1,0.3333333333333333
3x3,911,1,1,0,0.0
3x3,912,0,1,1,0.3333333333333333
3x3,912,1,1,0,0.0
3x3,913,0,1,1,0.3333333333333333
3x3,913,1,1,0,0.0
3x3,914,0,1,0,0.0
3x3,914,1,1,0,0.0
3x3,915,0,1,0,0.0
3x3,915,1,1,0,0.0
3x3,916,0,1,0,0.0
3x3,916,1,1,0,0.0
3x3,917,0,1,0,0.0
3x3,917,1,1,1,0.3333333333333333
3x3,918,0,1,0,0.0
3x3,918,1,1,0,0.0
3x3,919,0,1,0,0.0
3x3,919,1,1,0,0.0
3x3,920,0,1,0,0.0
3x3,920,1,1,0,0.0
3x3,921,0,1,0,0.0
3x3,921,1,1,1,0.3333333333333333
3x3,922,0,1,0,0.0
3x3,922,1,1,0,0.0
3x3,923,0,1,0,0.0
3x3,923,1,1,0,0.0
3x3,924,0,1,0,0.0
3x3,924,1,1,0,0.0
3x3,925,0,1,0,0.0
3x3,925,1,1,0,0.0
3x3,926,0,1,0,0.0
3x3,926,1,1,1,0.3333333333333333
3x3,927,0,1,0,0.0
3x3,927,1,1,0,0.0
3x3,928,0,1,0,0.0
3x3,928,1,1,0,0.0
3x3,929,0,1,0,0.0
3x3,929,1,1,0,0.0
3x3,930,0,1,0,0.0
3x3,930,1,1,0,0.0
3x3,931,0,1,0,0.0
3x3,931,1,1,1,0.3333333333333333
3x3,932,0,1,0,0.0
3x3,932,1,1,0,0.0
3x3,933,0,1,0,0.0
3x3,933,1,1,0,0.0
3x3,934,0,1,0,0.0
3x3,934,1,1,0,0.0
3x3,935,0,1,0,0.0
3x3,935,1,1,0,0.0
3x3,936,0,1,0,0.0
3x3,936,1,1,0,0.0
3x3,937,0,1,0,0.0
3x3,937,1,1,0,0.0
3x3,938,0,1,0,0.0
3x3,938,1,1,1,0.3333333333333333
3x3,939,0,1,0,0.0
3x3,939,1,1,0,0.0
3x3,940,0,1,0,0.0
3x3,940,1,1,0,0.0
3x3,941,0,1,0,0.0
3x3,941,1,1,0,0.0
3x3,942,0,1,0,0.0
3x3,942,1,1,1,0.3333333333333333
3x3,943,0,1,0,0.0
3x3,943,1,1,0,0.0
3x3,944,0,1,0,0.0
3x3,944,1,1,0,0.0
3x3,945,0,1,0,0.0
3x3,945,1,1,0,0.0
3x3,946,0,1,0,0.0
3x3,946,1,1,1,0.3333333333333333
3x3,947,0,1,0,0.0
3x3,947,1,1,0,0.0
3x3,948,0,1,0,0.0
3x3,948,1,1,0,0.0
3x3,949,0,1,0,0.0
3x3,949,1,1,0,0.0
3x3,950,0,1,0,0.0
3x3,950,1,1,1,0.3333333333333333
3x3,951,0,1,0,0.0
3x3,951,1,1,0,0.0
3x3,952,0,1,0,0.0
3x3,952,1,1,0,0.0
3x3,953,0,1,0,0.0
3x3,953,1,1,0,0.0
3x3,954,0,1,0,0.0
3x3,954,1,1,0,0.0
3x3,955,0,1,0,0.0
3x3,955,1,1,1,0.3333333333333333
3x3,956,0,1,0,0.0
3x3,956,1,1,0,0.0
3x3,957,0,1,0,0.0
3x3,957,1,1,0,0.0
3x3,958,0,1,0,0.0
3x3,958,1,1,1,0.3333333333333333
3x3,959,0,1,0,0.0
3x3,959,1,1,0,0.0
3x3,960,0,1,0,0.0
3x3,960,1,1,0,0.0
3x3,961,0,1,0,0.0
3x3,961,1,1,0,0.0
3x3,962,0,1,0,0.0
3x3,962,1,1,0,0.0
3x3,963,0,1,0,0.0
3x3,963,1,1,0,0.0
3x3,964,0,1,0,0.0
3x3,964,1,1,0,0.0
3x3,965,0,1,0,0.0
3x3,965,1,1,0,0.0
3x3,966,0,1,0,0.0
3x3,966,1,1,0,0.0
3x3,967,0,1,0,0.0
3x3,967,1,1,0,0.0
3x3,968,0,1,0,0.0
3x3,968,1,1,0,0.0
3x3,969,0,1,0,0.0
3x3,969,1,1,0,0.0
3x3,970,0,1,0,0.0
3x3,970,1,1,0,0.0
3x3,971,0,1,0,0.0
3x3,971,1,1,0,0.0
3x3,972,0,1,0,0.0
3x3,972,1,1,0,0.0
3x3,973,0,1,0,0.0
3x3,973,1,1,0,0.0
3x3,974,0,1,0,0.0
3x3,974,1,1,0,0.0
3x3,975,0,1,0,0.0
3x3,975,1,1,0,0.0
3x3,976,0,1,0,0.0
3x3,976,1,1,0,0.0
3x3,977,0,1,0,0.0
3x3,977,1,1,0,0.0
3x3,978,0,1,0,0.0
3x3,978,1,1,0,0.0
3x3,979,0,1,0,0.0
3x3,979,1,1,0,0.0
3x3,980,0,1,0,0.0
3x3,980,1,1,0,0.0
3x3,981,0,1,0,0.0
3x3,981,1,1,0,0.0
3x3,982,0,1,0,0.0
3x3,982,1,1,0,0.0
3x3,983,0,1,0,0.0
3x3,983,1,1,0,0.0
3x3,984,0,1,0,0.0
3x3,984,1,1,0,0.0
3x3,985,0,1,0,0.0
3x3,985,1,1,0,0.0
3x3,986,0,1,0,0.0
3x3,986,1,1,0,0.0
3x3,987,0,1,0,0.0
3x3,987,1,1,0,0.0
3x3,988,0,1,0,0.0
3x3,988,1,1,0,0.0
3x3,989,0,1,0,0.0
3x3,989,1,1,0,0.0
3x3,990,0,1,0,0.0
3x3,990,1,1,0,0.0
3x3,991,0,1,0,0.0
3x3,991,1,1,0,0.0
3x3,992,0,1,0,0.0
3x3,992,1,1,0,0.0
3x3,993,0,1,0,0.0
3x3,993,1,1,0,0.0
3x3,994,0,1,0,0.0
3x3,994,1,1,0,0.0
3x3,995,0,1,0,0.0
3x3,995,1,1,0,0.0
3x3,996,0,1,0,0.0
3x3,996,1,1,0,0.0
3x3,997,0,1,0,0.0
3x3,997,1,1,0,0.0
3x3,998,0,1,0,0.0
3x3,998,1,1,0,0.0
3x3,999,0,1,0,0.0
3x3,999,1,1,0,0.0
3x3,1000,0,1,0,0.0
3x3,1000,1,1,0,0.0
3x3,1001,0,1,0,0.0
3x3,1001,1,1,0,0.0
3x3,1002,0,1,0,0.0
3x3,1002,1,1,0,0.0
3x3,1003,0,1,0,0.0
3x3,1003,1,1,0,0.0
3x3,1004,0,1,0,0.0
3x3,1004,1,1,0,0.0
3x3,1005,0,1,0,0.0
3x3,1005,1,1,0,0.0
3x3,1006,0,1,0,0.0
3x3,1006,1,1,0,0.0
3x3,1007,0,1,0,0.0
3x3,1007,1,1,0,0.0
3x3,1008,0,1,0,0.0
3x3,1008,1,1,0,0.0
3x3,1009,0,1,0,0.0
3x3,1009,1,1,0,0.0
3x3,1010,0,1,0,0.0
3x3,1010,1,1,0,0.0
3x3,1011,0,1,0,0.0
3x3,1011,1,1,0,0.0
3x3,1012,0,1,0,0.0
3x3,1012,1,1,0,0.0
3x3,1013,0,1,0,0.0
3x3,1013,1,1,0,0.0
3x3,1014,0,1,0,0.0
3x3,1014,1,1,0,0.0
3x3,1015,0,1,0,0.0
3x3,1015,1,1,0,0.0
3x3,1016,0,1,0,0.0
3x3,1016,1,1,0,0.0
3x3,1017,0,1,0,0.0
3x3,1017,1,1,0,0.0
3x3,1018,0,1,0,0.0
3x3,1018,1,1,0,0.0
3x3,1019,0,1,0,0.0
3x3,1019,1,1,0,0.0
3x3,1020,0,1,0,0.0
3x3,1020,1,1,0,0.0
3x3,1021,0,1,0,0.0
3x3,1021,1,1,0,0.0
3x3,1022,0,1,0,0.0
3x3,1022,1,1,0,0.0
3x3,1023,0,1,0,0.0
3x3,1023,1,1,0,0.0
3x3,1024,0,1,0,0.0
3x3,1024,1,1,0,0.0
3x3,1025,0,1,1,0.3333333333333333
3x3,1025,1,1,0,0.0
3x3,1026,0,1,1,0.3333333333333333
3x3,1026,1,1,0,0.0
3x3,1027,0,1,1,0.3333333333333333
3x3,1027,1,1,0,0.0
3x3,1028,0,1,0,0.0
3x3,1028,1,1,0,0.0
3x3,1029,0,1,0,0.0
3x3,1029,1,1,0,0.0
3x3,1030,0,1,0,0.0
3x3,1030,1,1,0,0.0
3x3,1031,0,1,0,0.0
3x3,1031,1,1,0,0.0
3x3,1032,0,1,0,0.0
3x3,1032,1,1,0,0.0
3x3,1033,0,1,1,0.3333333333333333
3x3,1033,1,1,0,0.0
3x3,1034,0,1,1,0.3333333333333333
3x3,1034,1,1,0,0.0
3x3,1035,0,1,1,0.3333333333333333
3x3,1035,1,1,0,0.0
3x3,1036,0,1,0,0.0
3x3,1036,1,1,0,0.0
3x3,1037,0,1,0,0.0
3x3,1037,1,1,0,0.0
3x3,1038,0,1,0,0.0
3x3,1038,1,1,0,0.0
3x3,1039,0,1,0,0.0
3x3,1039,1,1,0,0.0
3x3,1040,0,1,1,0.3333333333333333
3x3,1040,1,1,0,0.0
3x3,1041,0,1,1,0.3333333333333333
3x3,1041,1,1,0,0.0
3x3,1042,0,1,1,0.3333333333333333
3x3,1042,1,1,0,0.0
3x3,1043,0,1,0,0.0
3x3,1043,1,1,0,0.0
3x3,1044,0,1,0,0.0
3x3,1044,1,1,0,0.0
3x3,1045,0,1,1,0.3333333333333333
3x3,1045,1,1,0,0.0
3x3,1046,0,1,1,0.3333333333333333
3x3,1046,1,1,0,0.0
3x3,1047,0,1,1,0.3333333333333333
3x3,1047,1,1,0,0.0
3x3,1048,0,1,0,0.0
3x3,1048,1,1,0,0.0
3x3,1049,0,1,1,0.3333333333333333
3x3,1049,1,1,0,0.0
3x3,1050,0,1,0,0.0
3x3,1050,1,1,0,0.0
3x3,1051,0,1,0,0.0
3x3,1051,1,1,0,0.0
3x3,1052,0,1,1,0.3333333333333333
3x3,1052,1,1,0,0.0
3x3,1053,0,1,1,0.3333333333333333
3x3,1053,1,1,0,0.0
3x3,1054,0,1,0,0.0
3x3,1054,1,1,0,0.0
3x3,1055,0,1,1,0.3333333333333333
3x3,1055,1,1,0,0.0
3x3,1056,0,1,1,0.3333333333333333
3x3,1056,1,1,0,0.0
3x3,1057,0,1,2,0.6666666666666666
3x3,1057,1,1,0,0.0
3x3,1058,0,1,1,0.3333333333333333
3x3,1058,1,1,0,0.0
3x3,1059,0,1,0,0.0
3x3,1059,1,1,0,0.0
3x3,1060,0,1,0,0.0
3x3,1060,1,1,0,0.0
3x3,1061,0,1,1,0.3333333333333333
3x3,1061,1,1,0,0.0
3x3,1062,0,1,1,0.3333333333333333
3x3,1062,1,1,0,0.0
3x3,1063,0,1,1,0.3333333333333333
3x3,1063,1,1,0,0.0
3x3,1064,0,1,0,0.0
3x3,1064,1,1,0,0.0
3x3,1065,0,1,1,0.3333333333333333
3x3,1065,1,1,0,0.0
3x3,1066,0,1,1,0.3333333333333333
3x3,1066,1,1,0,0.0
3x3,1067,0,1,1,0.3333333333333333
3x3,1067,1,1,0,0.0
3x3,1068,0,1,0,0.0
3x3,1068,1,1,0,0.0
3x3,1069,0,1,0,0.0
3x3,1069,1,1,0,0.0
3x3,1070,0,1,0,0.0
3x3,1070,1,1,0,0.0
3x3,1071,0,1,1,0.3333333333333333
3x3,1071,1,1,0,0.0
3x3,1072,0,1,0,0.0
3x3,1072,1,1,0,0.0
3x3,1073,0,1,0,0.0
3x3,1073,1,1,0,0.0
3x3,1074,0,1,0,0.0
3x3,1074,1,1,0,0.0
3x3,1075,0,1,0,0.0
3x3,1075,1,1,0,0.0
3x3,1076,0,1,1,0.3333333333333333
3x3,1076,1,1,0,0.0
3x3,1077,0,1,0,0.0
3x3,1077,1,1,0,0.0
3x3,1078,0,1,0,0.0
3x3,1078,1,1,0,0.0
3x3,1079,0,1,0,0.0
3x3,1079,1,1,0,0.0
3x3,1080,0,1,0,0.0
3x3,1080,1,1,0,0.0
3x3,1081,0,1,0,0.0
3x3,1081,1,1,0,0.0
3x3,1082,0,1,0,0.0
3x3,1082,1,1,0,0.0
3x3,1083,0,1,0,0.0
3x3,1083,1,1,1,0.3333333333333333
3x3,1084,0,1,0,0.0
3x3,1084,1,1,0,0.0
3x3,1085,0,1,0,0.0
3x3,1085,1,1,0,0.0
3x3,1086,0,1,0,0.0
3x3,1086,1,1,0,0.0
3x3,1087,0,1,0,0.0
3x3,1087,1,1,1,0.3333333333333333
3x3,1088,0,1,0,0.0
3x3,1088,1,1,0,0.0
3x3,1089,0,1,0,0.0
3x3,1089,1,1,0,0.0
3x3,1090,0,1,1,0.3333333333333333
3x3,1090,1,1,0,0.0
3x3,1091,0,1,1,0.3333333333333333
3x3,1091,1,1,0,0.0
3x3,1092,0,1,1,0.3333333333333333
3x3,1092,1,1,0,0.0
3x3,1093,0,1,0,0.0
3x3,1093,1,1,0,0.0
3x3,1094,0,1,1,0.3333333333333333
3x3,1094,1,1,0,0.0
3x3,1095,0,1,1,0.3333333333333333
3x3,1095,1,1,0,0.0
3x3,1096,0,1,1,0.3333333333333333
3x3,1096,1,1,0,0.0
3x3,1097,0,1,0,0.0
3x3,1097,1,1,0,0.0
3x3,1098,0,1,0,0.0
3x3,1098,1,1,0,0.0
3x3,1099,0,1,0,0.0
3x3,1099,1,1,0,0.0
3x3,1100,0,1,0,0.0
3x3,1100,1,1,1,0.3333333333333333
3x3,1101,0,1,0,0.0
3x3,1101,1,1,0,0.0
3x3,1102,0,1,0,0.0
3x3,1102,1,1,0,0.0
3x3,1103,0,1,0,0.0
3x3,1103,1,1,1,0.3333333333333333
3x3,1104,0,1,0,0.0
3x3,1104,1,1,0,0.0
3x3,1105,0,1,0,0.0
3x3,1105,1,1,0,0.0
3x3,1106,0,1,0,0.0
3x3,1106,1,1,0,0.0
3x3,1107,0,1,0,0.0
3x3,1107,1,1,0,0.0
3x3,1108,0,1,0,0.0
3x3,1108,1,1,0,0.0
3x3,1109,0,1,0,0.0
3x3,1109,1,1,0,0.0
3x3,1110,0,1,0,0.0
3x3,1110,1,1,0,0.0
3x3,1111,0,1,0,0.0
3x3,1111,1,1,0,0.0
3x3,1112,0,1,0,0.0
3x3,1112,1,1,0,0.0
3x3,1113,0,1,0,0.0
3x3,1113,1,1,0,0.0
3x3,1114,0,1,0,0.0
3x3,1114,1,1,0,0.0
3x3,1115,0,1,0,0.0
3x3,1115,1,1,0,0.0
3x3,1116,0,1,0,0.0
3x3,1116,1,1,0,0.0
3x3,1117,0,1,0,0.0
3x3,1117,1,1,0,0.0
3x3,1118,0,1,0,0.0
3x3,1118,1,1,0,0.0
3x3,1119,0,1,0,0.0
3x3,1119,1,1,0,0.0
3x3,1120,0,1,0,0.0
3x3,1120,1,1,0,0.0
3x3,1121,0,1,0,0.0
3x3,1121,1,1,0,0.0
3x3,1122,0,1,0,0.0
3x3,1122,1,1,0,0.0
3x3,1123,0,1,0,0.0
3x3,1123,1,1,0,0.0
3x3,1124,0,1,0,0.0
3x3,1124,1,1,0,0.0
3x3,1125,0,1,0,0.0
3x3,1125,1,1,0,0.0
3x3,1126,0,1,0,0.0
3x3,1126,1,1,0,0.0
3x3,1127,0,1,0,0.0
3x3,1127,1,1,0,0.0
3x3,1128,0,1,0,0.0
3x3,1128,1,1,0,0.0
3x3,1129,0,1,0,0.0
3x3,1129,1,1,0,0.0
3x3,1130,0,1,0,0.0
3x3,1130,1,1,0,0.0
3x3,1131,0,1,0,0.0
3x3,1131,1,1,0,0.0
3x3,1132,0,1,0,0.0
3x3,1132,1,1,0,0.0
3x3,1133,0,1,0,0.0
3x3,1133,1,1,0,0.0
3x3,1134,0,1,0,0.0
3x3,1134,1,1,0,0.0
3x3,1135,0,1,0,0.0
3x3,1135,1,1,0,0.0
3x3,1136,0,1,0,0.0
3x3,1136,1,1,0,0.0
3x3,1137,0,1,0,0.0
3x3,1137,1,1,0,0.0
3x3,1138,0,1,0,0.0
3x3,1138,1,1,0,0.0
3x3,1139,0,1,0,0.0
3x3,1139,1,1,0,0.0
3x3,1140,0,1,0,0.0
3x3,1140,1,1,0,0.0
3x3,1141,0,1,0,0.0
3x3,1141,1,1,0,0.0
3x3,1142,0,1,0,0.0
3x3,1142,1,1,0,0.0
3x3,1143,0,1,0,0.0
3x3,1143,1,1,0,0.0
3x3,1144,0,1,0,0.0
3x3,1144,1,1,0,0.0
3x3,1145,0,1,0,0.0
3x3,1145,1,1,0,0.0
3x3,1146,0,1,0,0.0
3x3,1146,1,1,0,0.0
3x3,1147,0,1,0,0.0
3x3,1147,1,1,0,0.0
3x3,1148,0,1,0,0.0
3x3,1148,1,1,0,0.0
3x3,1149,0,1,0,0.0
3x3,1149,1,1,0,0.0
3x3,1150,0,1,0,0.0
3x3,1150,1,1,0,0.0
3x3,1151,0,1,0,0.0
3x3,1151,1,1,0,0.0
3x3,1152,0,1,0,0.0
3x3,1152,1,1,0,0.0
3x3,1153,0,1,0,0.0
3x3,1153,1,1,0,0.0
3x3,1154,0,1,0,0.0
3x3,1154,1,1,0,0.0
3x3,1155,0,1,0,0.0
3x3,1155,1,1,0,0.0
3x3,1156,0,1,0,0.0
3x3,1156,1,1,0,0.0
3x3,1157,0,1,0,0.0
3x3,1157,1,1,0,0.0
3x3,1158,0,1,0,0.0
3x3,1158,1,1,0,0.0
3x3,1159,0,1,0,0.0
3x3,1159,1,1,0,0.0
3x3,1160,0,1,0,0.0
3x3,1160,1,1,0,0.0
3x3,1161,0,1,0,0.0
3x3,1161,1,1,0,0.0
3x3,1162,0,1,0,0.0
3x3,1162,1,1,0,0.0
3x3,1163,0,1,0,0.0
3x3,1163,1,1,0,0.0
3x3,1164,0,1,0,0.0
3x3,1164,1,1,0,0.0
3x3,1165,0,1,0,0.0
3x3,1165,1,1,0,0.0
3x3,1166,0,1,0,0.0
3x3,1166,1,1,0,0.0
3x3,1167,0,1,0,0.0
3x3,1167,1,1,0,0.0
3x3,1168,0,1,0,0.0
3x3,1168,1,1,0,0.0
3x3,1169,0,1,1,0.3333333333333333
3x3,1169,1,1,0,0.0
3x3,1170,0,1,0,0.0
3x3,1170,1,1,0,0.0
3x3,1171,0,1,0,0.0
3x3,1171,1,1,0,0.0
3x3,1172,0,1,0,0.0
3x3,1172,1,1,0,0.0
3x3,1173,0,1,0,0.0
3x3,1173,1,1,0,0.0
3x3,1174,0,1,0,0.0
3x3,1174,1,1,0,0.0
3x3,1175,0,1,1,0.3333333333333333
3x3,1175,1,1,0,0.0
3x3,1176,0,1,0,0.0
3x3,1176,1,1,0,0.0
3x3,1177,0,1,1,0.3333333333333333
3x3,1177,1,1,0,0.0
3x3,1178,0,1,1,0.3333333333333333
3x3,1178,1,1,0,0.0
3x3,1179,0,1,0,0.0
3x3,1179,1,1,0,0.0
3x3,1180,0,1,0,0.0
3x3,1180,1,1,0,0.0
3x3,1181,0,1,0,0.0
3x3,1181,1,1,0,0.0
3x3,1182,0,1,0,0.0
3x3,1182,1,1,1,0.3333333333333333
3x3,1183,0,1,0,0.0
3x3,1183,1,1,0,0.0
3x3,1184,0,1,0,0.0
3x3,1184,1,1,0,0.0
3x3,1185,0,1,0,0.0
3x3,1185,1,1,0,0.0
3x3,1186,0,1,0,0.0
3x3,1186,1,1,1,0.3333333333333333
3x3,1187,0,1,0,0.0
3x3,1187,1,1,0,0.0
3x3,1188,0,1,0,0.0
3x3,1188,1,1,0,0.0
3x3,1189,0,1,1,0.3333333333333333
3x3,1189,1,1,0,0.0
3x3,1190,0,1,0,0.0
3x3,1190,1,1,0,0.0
3x3,1191,0,1,0,0.0
3x3,1191,1,1,0,0.0
3x3,1192,0,1,0,0.0
3x3,1192,1,1,0,0.0
3x3,1193,0,1,0,0.0
3x3,1193,1,1,0,0.0
3x3,1194,0,1,1,0.3333333333333333
3x3,1194,1,1,0,0.0
3x3,1195,0,1,1,0.3333333333333333
3x3,1195,1,1,0,0.0
3x3,1196,0,1,1,0.3333333333333333
3x3,1196,1,1,0,0.0
3x3,1197,0,1,0,0.0
3x3,1197,1,1,0,0.0
3x3,1198,0,1,0,0.0
3x3,1198,1,1,0,0.0
3x3,1199,0,1,0,0.0
3x3,1199,1,1,1,0.3333333333333333
3x3,1200,0,1,0,0.0
3x3,1200,1,1,0,0.0
3x3,1201,0,1,0,0.0
3x3,1201,1,1,0,0.0
3x3,1202,0,1,0,0.0
3x3,1202,1,1,1,0.3333333333333333
3x3,1203,0,1,0,0.0
3x3,1203,1,1,0,0.0
3x3,1204,0,1,0,0.0
3x3,1204,1,1,0,0.0
3x3,1205,0,1,0,0.0
3x3,1205,1,1,0,0.0
3x3,1206,0,1,0,0.0
3x3,1206,1,1,1,0.3333333333333333
3x3,1207,0,1,0,0.0
3x3,1207,1,1,0,0.0
3x3,1208,0,1,0,0.0
3x3,1208,1,1,0,0.0
3x3,1209,0,1,0,0.0
3x3,1209,1,1,0,0.0
3x3,1210,0,1,0,0.0
3x3,1210,1,1,1,0.3333333333333333
3x3,1211,0,1,0,0.0
3x3,1211,1,1,0,0.0
3x3,1212,0,1,0,0.0
3x3,1212,1,1,0,0.0
3x3,1213,0,1,0,0.0
3x3,1213,1,1,0,0.0
3x3,1214,0,1,0,0.0
3x3,1214,1,1,0,0.0
3x3,1215,0,1,0,0.0
3x3,1215,1,1,0,0.0
3x3,1216,0,1,0,0.0
3x3,1216,1,1,1,0.3333333333333333
3x3,1217,0,1,0,0.0
3x3,1217,1,1,0,0.0
3x3,1218,0,1,0,0.0
3x3,1218,1,1,0,0.0
3x3,1219,0,1,0,0.0
3x3,1219,1,1,1,0.3333333333333333
3x3,1220,0,1,0,0.0
3x3,1220,1,1,0,0.0
3x3,1221,0,1,0,0.0
3x3,1221,1,1,0,0.0
3x3,1222,0,1,0,0.0
3x3,1222,1,1,1,0.3333333333333333
3x3,1223,0,1,0,0.0
3x3,1223,1,1,0,0.0
3x3,1224,0,1,0,0.0
3x3,1224,1,1,0,0.0
3x3,1225,0,1,0,0.0
3x3,1225,1,1,1,0.3333333333333333
3x3,1226,0,1,0,0.0
3x3,1226,1,1,0,0.0
3x3,1227,0,1,0,0.0
3x3,1227,1,1,0,0.0
3x3,1228,0,1,0,0.0
3x3,1228,1,1,0,0.0
3x3,1229,0,1,0,0.0
3x3,1229,1,1,1,0.3333333333333333
3x3,1230,0,1,0,0.0
3x3,1230,1,1,0,0.0
3x3,1231,0,1,0,0.0
3x3,1231,1,1,1,0.3333333333333333
3x3,1232,0,1,0,0.0
3x3,1232,1,1,0,0.0
3x3,1233,0,1,0,0.0
3x3,1233,1,1,0,0.0
3x3,1234,0,1,0,0.0
3x3,1234,1,1,0,0.0
3x3,1235,0,1,0,0.0
3x3,1235,1,1,0,0.0
3x3,1236,0,1,0,0.0
3x3,1236,1,1,0,0.0
3x3,1237,0,1,0,0.0
3x3,1237,1,1,0,0.0
3x3,1238,0,1,0,0.0
3x3,1238,1,1,0,0.0
3x3,1239,0,1,0,0.0
3x3,1239,1,1,0,0.0
3x3,1240,0,1,0,0.0
3x3,1240,1,1,0,0.0
3x3,1241,0,1,0,0.0
3x3,1241,1,1,0,0.0
3x3,1242,0,1,0,0.0
3x3,1242,1,1,0,0.0
3x3,1243,0,1,0,0.0
3x3,1243,1,1,0,0.0
3x3,1244,0,1,0,0.0
3x3,1244,1,1,0,0.0
3x3,1245,0,1,0,0.0
3x3,1245,1,1,0,0.0
3x3,1246,0,1,0,0.0
3x3,1246,1,1,0,0.0
3x3,1247,0,1,0,0.0
3x3,1247,1,1,0,0.0
3x3,1248,0,1,0,0.0
3x3,1248,1,1,0,0.0
3x3,1249,0,1,0,0.0
3x3,1249,1,1,0,0.0
3x3,1250,0,1,0,0.0
3x3,1250,1,1,0,0.0
3x3,1251,0,1,0,0.0
3x3,1251,1,1,0,0.0
3x3,1252,0,1,0,0.0
3x3,1252,1,1,0,0.0
3x3,1253,0,1,0,0.0
3x3,1253,1,1,0,0.0
3x3,1254,0,1,0,0.0
3x3,1254,1,1,0,0.0
3x3,1255,0,1,0,0.0
3x3,1255,1,1,0,0.0
3x3,1256,0,1,0,0.0
3x3,1256,1,1,0,0.0
3x3,1257,0,1,0,0.0
3x3,1257,1,1,0,0.0
3x3,1258,0,1,0,0.0
3x3,1258,1,1,0,0.0
3x3,1259,0,1,0,0.0
3x3,1259,1,1,0,0.0
3x3,1260,0,1,0,0.0
3x3,1260,1,1,0,0.0
3x3,1261,0,1,0,0.0
3x3,1261,1,1,0,0.0
3x3,1262,0,1,0,0.0
3x3,1262,1,1,0,0.0
3x3,1263,0,1,0,0.0
3x3,1263,1,1,0,0.0
3x3,1264,0,1,0,0.0
3x3,1264,1,1,0,0.0
3x3,1265,0,1,0,0.0
3x3,1265,1,1,0,0.0
3x3,1266,0,1,0,0.0
3x3,1266,1,1,0,0.0
3x3,1267,0,1,0,0.0
3x3,1267,1,1,0,0.0
3x3,1268,0,1,0,0.0
3x3,1268,1,1,0,0.0
3x3,1269,0,1,0,0.0
3x3,1269,1,1,0,0.0
3x3,1270,0,1,0,0.0
3x3,1270,1,1,0,0.0
3x3,1271,0,1,0,0.0
3x3,1271,1,1,0,0.0
3x3,1272,0,1,0,0.0
3x3,1272,1,1,0,0.0
3x3,1273,0,1,0,0.0
3x3,1273,1,1,0,0.0
3x3,1274,0,1,0,0.0
3x3,1274,1,1,0,0.0
3x3,1275,0,1,0,0.0
3x3,1275,1,1,0,0.0
3x3,1276,0,1,0,0.0
3x3,1276,1,1,0,0.0
3x3,1277,0,1,0,0.0
3x3,1277,1,1,0,0.0
3x3,1278,0,1,0,0.0
3x3,1278,1,1,0,0.0
3x3,1279,0,1,0,0.0
3x3,1279,1,1,0,0.0
3x3,1280,0,1,0,0.0
3x3,1280,1,1,0,0.0
3x3,1281,0,1,1,0.3333333333333333
3x3,1281,1,1,0,0.0
3x3,1282,0,1,1,0.3333333333333333
3x3,1282,1,1,0,0.0
3x3,1283,0,1,1,0.3333333333333333
3x3,1283,1,1,0,0.0
3x3,1284,0,1,1,0.3333333333333333
3x3,1284,1,1,0,0.0
3x3,1285,0,1,0,0.0
3x3,1285,1,1,0,0.0
3x3,1286,0,1,0,0.0
3x3,1286,1,1,0,0.0
3x3,1287,0,1,1,0.3333333333333333
3x3,1287,1,1,0,0.0
3x3,1288,0,1,0,0.0
3x3,1288,1,1,0,0.0
3x3,1289,0,1,0,0.0
3x3,1289,1,1,0,0.0
3x3,1290,0,1,1,0.3333333333333333
3x3,1290,1,1,0,0.0
3x3,1291,0,1,0,0.0
3x3,1291,1,1,0,0.0
3x3,1292,0,1,1,0.3333333333333333
3x3,1292,1,1,0,0.0
3x3,1293,0,1,0,0.0
3x3,1293,1,1,0,0.0
3x3,1294,0,1,1,0.3333333333333333
3x3,1294,1,1,0,0.0
3x3,1295,0,1,0,0.0
3x3,1295,1,1,0,0.0
3x3,1296,0,1,0,0.0
3x3,1296,1,1,0,0.0
3x3,1297,0,1,0,0.0
3x3,1297,1,1,0,0.0
3x3,1298,0,1,0,0.0
3x3,1298,1,1,0,0.0
3x3,1299,0,1,1,0.3333333333333333
3x3,1299,1,1,0,0.0
3x3,1300,0,1,1,0.3333333333333333
3x3,1300,1,1,0,0.0
3x3,1301,0,1,1,0.3333333333333333
3x3,1301,1,1,0,0.0
3x3,1302,0,1,0,0.0
3x3,1302,1,1,0,0.0
3x3,1303,0,1,0,0.0
3x3,1303,1,1,0,0.0
3x3,1304,0,1,0,0.0
3x3,1304,1,1,0,0.0
3x3,1305,0,1,1,0.3333333333333333
3x3,1305,1,1,0,0.0
3x3,1306,0,1,1,0.3333333333333333
3x3,1306,1,1,0,0.0
3x3,1307,0,1,1,0.3333333333333333
3x3,1307,1,1,0,0.0
3x3,1308,0,1,0,0.0
3x3,1308,1,1,0,0.0
3x3,1309,0,1,1,0.3333333333333333
3x3,1309,1,1,0,0.0
3x3,1310,0,1,0,0.0
3x3,1310,1,1,0,0.0
3x3,1311,0,1,1,0.3333333333333333
3x3,1311,1,1,0,0.0
3x3,1312,0,1,1,0.3333333333333333
3x3,1312,1,1,0,0.0
3x3,1313,0,1,1,0.3333333333333333
3x3,1313,1,1,0,0.0
3x3,1314,0,1,1,0.3333333333333333
3x3,1314,1,1,0,0.0
3x3,1315,0,1,0,0.0
3x3,1315,1,1,0,0.0
3x3,1316,0,1,1,0.3333333333333333
3x3,1316,1,1,0,0.0
3x3,1317,0,1,0,0.0
3x3,1317,1,1,0,0.0
3x3,1318,0,1,2,0.6666666666666666
3x3,1318,1,1,0,0.0
3x3,1319,0,1,1,0.3333333333333333
3x3,1319,1,1,0,0.0
3x3,1320,0,1,1,0.3333333333333333
3x3,1320,1,1,0,0.0
3x3,1321,0,1,0,0.0
3x3,1321,1,1,0,0.0
3x3,1322,0,1,0,0.0
3x3,1322,1,1,0,0.0
3x3,1323,0,1,0,0.0
3x3,1323,1,1,0,0.0
3x3,1324,0,1,1,0.3333333333333333
3x3,1324,1,1,0,0.0
3x3,1325,0,1,1,0.3333333333333333
3x3,1325,1,1,0,0.0
3x3,1326,0,1,1,0.3333333333333333
3x3,1326,1,1,0,0.0
3x3,1327,0,1,0,0.0
3x3,1327,1,1,0,0.0
3x3,1328,0,1,0,0.0
3x3,1328,1,1,0,0.0
3x3,1329,0,1,1,0.3333333333333333
3x3,1329,1,1,0,0.0
3x3,1330,0,1,1,0.3333333333333333
3x3,1330,1,1,0,0.0
3x3,1331,0,1,1,0.3333333333333333
3x3,1331,1,1,0,0.0
3x3,1332,0,1,0,0.0
3x3,1332,1,1,0,0.0
3x3,1333,0,1,0,0.0
3x3,1333,1,1,0,0.0
3x3,1334,0,1,0,0.0
3x3,1334,1,1,0,0.0
3x3,1335,0,1,1,0.3333333333333333
3x3,1335,1,1,0,0.0
3x3,1336,0,1,1,0.3333333333333333
3x3,1336,1,1,0,0.0
3x3,1337,0,1,0,0.0
3x3,1337,1,1,0,0.0
3x3,1338,0,1,0,0.0
3x3,1338,1,1,0,0.0
3x3,1339,0,1,1,0.3333333333333333
3x3,1339,1,1,0,0.0
3x3,1340,0,1,0,0.0
3x3,1340,1,1,0,0.0
3x3,1341,0,1,1,0.3333333333333333
3x3,1341,1,1,0,0.0
3x3,1342,0,1,1,0.3333333333333333
3x3,1342,1,1,0,0.0
3x3,1343,0,1,0,0.0
3x3,1343,1,1,0,0.0
3x3,1344,0,1,0,0.0
3x3,1344,1,1,0,0.0
3x3,1345,0,1,1,0.3333333333333333
3x3,1345,1,1,0,0.0
3x3,1346,0,1,0,0.0
3x3,1346,1,1,0,0.0
3x3,1347,0,1,0,0.0
3x3,1347,1,1,0,0.0
3x3,1348,0,1,1,0.3333333333333333
3x3,1348,1,1,0,0.0
3x3,1349,0,1,1,0.3333333333333333
3x3,1349,1,1,0,0.0
3x3,1350,0,1,0,0.0
3x3,1350,1,1,0,0.0
3x3,1351,0,1,1,0.3333333333333333
3x3,1351,1,1,0,0.0
3x3,1352,0,1,0,0.0
3x3,1352,1,1,0,0.0
3x3,1353,0,1,1,0.3333333333333333
3x3,1353,1,1,0,0.0
3x3,1354,0,1,1,0.3333333333333333
3x3,1354,1,1,0,0.0
3x3,1355,0,1,0,0.0
3x3,1355,1,1,0,0.0
3x3,1356,0,1,1,0.3333333333333333
3x3,1356,1,1,0,0.0
3x3,1357,0,1,0,0.0
3x3,1357,1,1,0,0.0
3x3,1358,0,1,1,0.3333333333333333
3x3,1358,1,1,0,0.0
3x3,1359,0,1,2,0.6666666666666666
3x3,1359,1,1,0,0.0
3x3,1360,0,1,1,0.3333333333333333
3x3,1360,1,1,0,0.0
3x3,1361,0,1,0,0.0
3x3,1361,1,1,0,0.0
3x3,1362,0,1,1,0.3333333333333333
3x3,1362,1,1,0,0.0
3x3,1363,0,1,1,0.3333333333333333
3x3,1363,1,1,0,0.0
3x3,1364,0,1,2,0.6666666666666666
3x3,1364,1,1,0,0.0
3x3,1365,0,1,1,0.3333333333333333
3x3,1365,1,1,0,0.0
3x3,1366,0,1,0,0.0
3x3,1366,1,1,0,0.0
3x3,1367,0,1,1,0.3333333333333333
3x3,1367,1,1,0,0.0
3x3,1368,0,1,0,0.0
3x3,1368,1,1,0,0.0
3x3,1369,0,1,1,0.3333333333333333
3x3,1369,1,1,0,0.0
3x3,1370,0,1,1,0.3333333333333333
3x3,1370,1,1,0,0.0
3x3,1371,0,1,0,0.0
3x3,1371,1,1,0,0.0
3x3,1372,0,1,1,0.3333333333333333
3x3,1372,1,1,0,0.0
3x3,1373,0,1,1,0.3333333333333333
3x3,1373,1,1,0,0.0
3x3,1374,0,1,1,0.3333333333333333
3x3,1374,1,1,0,0.0
3x3,1375,0,1,0,0.0
3x3,1375,1,1,0,0.0
3x3,1376,0,1,1,0.3333333333333333
3x3,1376,1,1,0,0.0
3x3,1377,0,1,0,0.0
3x3,1377,1,1,0,0.0
3x3,1378,0,1,0,0.0
3x3,1378,1,1,0,0.0
3x3,1379,0,1,0,0.0
3x3,1379,1,1,0,0.0
3x3,1380,0,1,0,0.0
3x3,1380,1,1,0,0.0
3x3,1381,0,1,0,0.0
3x3,1381,1,1,0,0.0
3x3,1382,0,1,0,0.0
3x3,1382,1,1,0,0.0
3x3,1383,0,1,0,0.0
3x3,1383,1,1,0,0.0
3x3,1384,0,1,0,0.0
3x3,1384,1,1,0,0.0
3x3,1385,0,1,0,0.0
3x3,1385,1,1,0,0.0
3x3,1386,0,1,0,0.0
3x3,1386,1,1,0,0.0
3x3,1387,0,1,0,0.0
3x3,1387,1,1,0,0.0
3x3,1388,0,1,0,0.0
3x3,1388,1,1,0,0.0
3x3,1389,0,1,0,0.0
3x3,1389,1,1,0,0.0
3x3,1390,0,1,0,0.0
3x3,1390,1,1,0,0.0
3x3,1391,0,1,0,0.0
3x3,1391,1,1,0,0.0
3x3,1392,0,1,0,0.0
3x3,1392,1,1,0,0.0
3x3,1393,0,1,0,0.0
3x3,1393,1,1,0,0.0
3x3,1394,0,1,0,0.0
3x3,1394,1,1,0,0.0
3x3,1395,0,1,0,0.0
3x3,1395,1,1,0,0.0
3x3,1396,0,1,0,0.0
3x3,1396,1,1,0,0.0
3x3,1397,0,1,0,0.0
3x3,1397,1,1,0,0.0
3x3,1398,0,1,0,0.0
3x3,1398,1,1,0,0.0
3x3,1399,0,1,0,0.0
3x3,1399,1,1,0,0.0
3x3,1400,0,1,0,0.0
3x3,1400,1,1,0,0.0
3x3,1401,0,1,0,0.0
3x3,1401,1,1,0,0.0
3x3,1402,0,1,0,0.0
3x3,1402,1,1,0,0.0
3x3,1403,0,1,0,0.0
3x3,1403,1,1,0,0.0
3x3,1404,0,1,0,0.0
3x3,1404,1,1,0,0.0
3x3,1405,0,1,0,0.0
3x3,1405,1,1,0,0.0
3x3,1406,0,1,0,0.0
3x3,1406,1,1,0,0.0
3x3,1407,0,1,0,0.0
3x3,1407,1,1,0,0.0
3x3,1408,0,1,0,0.0
3x3,1408,1,1,0,0.0
3x3,1409,0,1,0,0.0
3x3,1409,1,1,0,0.0
3x3,1410,0,1,0,0.0
3x3,1410,1,1,0,0.0
3x3,1411,0,1,0,0.0
3x3,1411,1,1,0,0.0
3x3,1412,0,1,0,0.0
3x3,1412,1,1,0,0.0
3x3,1413,0,1,0,0.0
3x3,1413,1,1,0,0.0
3x3,1414,0,1,0,0.0
3x3,1414,1,1,0,0.0
3x3,1415,0,1,0,0.0
3x3,1415,1,1,0,0.0
3x3,1416,0,1,0,0.0
3x3,1416,1,1,0,0.0
3x3,1417,0,1,0,0.0
3x3,1417,1,1,0,0.0
3x3,1418,0,1,0,0.0
3x3,1418,1,1,0,0.0
3x3,1419,0,1,0,0.0
3x3,1419,1,1,0,0.0
3x3,1420,0,1,0,0.0
3x3,1420,1,1,0,0.0
3x3,1421,0,1,0,0.0
3x3,1421,1,1,0,0.0
3x3,1422,0,1,0,0.0
3x3,1422,1,1,0,0.0
3x3,1423,0,1,0,0.0
3x3,1423,1,1,0,0.0
3x3,1424,0,1,0,0.0
3x3,1424,1,1,0,0.0
3x3,1425,0,1,0,0.0
3x3,1425,1,1,0,0.0
3x3,1426,0,1,0,0.0
3x3,1426,1,1,0,0.0
3x3,1427,0,1,0,0.0
3x3,1427,1,1,0,0.0
3x3,1428,0,1,0,0.0
3x3,1428,1,1,0,0.0
3x3,1429,0,1,0,0.0
3x3,1429,1,1,0,0.0
3x3,1430,0,1,0,0.0
3x3,1430,1,1,0,0.0
3x3,1431,0,1,0,0.0
3x3,1431,1,1,0,0.0
3x3,1432,0,1,0,0.0
3x3,1432,1,1,0,0.0
3x3,1433,0,1,0,0.0
3x3,1433,1,1,0,0.0
3x3,1434,0,1,0,0.0
3x3,1434,1,1,0,0.0
3x3,1435,0,1,0,0.0
3x3,1435,1,1,0,0.0
3x3,1436,0,1,0,0.0
3x3,1436,1,1,0,0.0
3x3,1437,0,1,0,0.0
3x3,1437,1,1,0,0.0
3x3,1438,0,1,0,0.0
3x3,1438,1,1,0,0.0
3x3,1439,0,1,0,0.0
3x3,1439,1,1,0,0.0
3x3,1440,0,1,0,0.0
3x3,1440,1,1,0,0.0
3x3,1441,0,1,0,0.0
3x3,1441,1,1,0,0.0
3x3,1442,0,1,0,0.0
3x3,1442,1,1,0,0.0
3x3,1443,0,1,0,0.0
3x3,1443,1,1,0,0.0
3x3,1444,0,1,0,0.0
3x3,1444,1,1,0,0.0
3x3,1445,0,1,0,0.0
3x3,1445,1,1,0,0.0
3x3,1446,0,1,0,0.0
3x3,1446,1,1,0,0.0
3x3,1447,0,1,0,0.0
3x3,1447,1,1,0,0.0
3x3,1448,0,1,0,0.0
3x3,1448,1,1,0,0.0
3x3,1449,0,1,0,0.0
3x3,1449,1,1,0,0.0
3x3,1450,0,1,0,0.0
3x3,1450,1,1,0,0.0
3x3,1451,0,1,0,0.0
3x3,1451,1,1,0,0.0
3x3,1452,0,1,0,0.0
3x3,1452,1,1,0,0.0
3x3,1453,0,1,0,0.0
3x3,1453,1,1,0,0.0
3x3,1454,0,1,0,0.0
3x3,1454,1,1,0,0.0
3x3,1455,0,1,0,0.0
3x3,1455,1,1,0,0.0
3x3,1456,0,1,0,0.0
3x3,1456,1,1,0,0.0
3x3,1457,0,1,1,0.3333333333333333
3x3,1457,1,1,0,0.0
3x3,1458,0,1,0,0.0
3x3,1458,1,1,0,0.0
3x3,1459,0,1,0,0.0
3x3,1459,1,1,0,0.0
3x3,1460,0,1,1,0.3333333333333333
3x3,1460,1,1,0,0.0
3x3,1461,0,1,0,0.0
3x3,1461,1,1,0,0.0
3x3,1462,0,1,1,0.3333333333333333
3x3,1462,1,1,0,0.0
3x3,1463,0,1,0,0.0
3x3,1463,1,1,0,0.0
3x3,1464,0,1,1,0.3333333333333333
3x3,1464,1,1,0,0.0
3x3,1465,0,1,0,0.0
3x3,1465,1,1,0,0.0
3x3,1466,0,1,0,0.0
3x3,1466,1,1,0,0.0
3x3,1467,0,1,1,0.3333333333333333
3x3,1467,1,1,0,0.0
3x3,1468,0,1,1,0.3333333333333333
3x3,1468,1,1,0,0.0
3x3,1469,0,1,0,0.0
3x3,1469,1,1,0,0.0
3x3,1470,0,1,0,0.0
3x3,1470,1,1,0,0.0
3x3,1471,0,1,0,0.0
3x3,1471,1,1,0,0.0
3x3,1472,0,1,0,0.0
3x3,1472,1,1,0,0.0
3x3,1473,0,1,0,0.0
3x3,1473,1,1,0,0.0
3x3,1474,0,1,1,0.3333333333333333
3x3,1474,1,1,0,0.0
3x3,1475,0,1,0,0.0
3x3,1475,1,1,0,0.0
3x3,1476,0,1,0,0.0
3x3,1476,1,1,0,0.0
3x3,1477,0,1,0,0.0
3x3,1477,1,1,0,0.0
3x3,1478,0,1,0,0.0
3x3,1478,1,1,0,0.0
3x3,1479,0,1,1,0.3333333333333333
3x3,1479,1,1,0,0.0
3x3,1480,0,1,0,0.0
3x3,1480,1,1,0,0.0
3x3,1481,0,1,1,0.3333333333333333
3x3,1481,1,1,0,0.0
3x3,1482,0,1,0,0.0
3x3,1482,1,1,0,0.0
3x3,1483,0,1,1,0.3333333333333333
3x3,1483,1,1,0,0.0
3x3,1484,0,1,0,0.0
3x3,1484,1,1,0,0.0
3x3,1485,0,1,1,0.3333333333333333
3x3,1485,1,1,0,0.0
3x3,1486,0,1,0,0.0
3x3,1486,1,1,0,0.0
3x3,1487,0,1,1,0.3333333333333333
3x3,1487,1,1,0,0.0
3x3,1488,0,1,0,0.0
3x3,1488,1,1,0,0.0
3x3,1489,0,1,1,0.3333333333333333
3x3,1489,1,1,0,0.0
3x3,1490,0,1,1,0.3333333333333333
3x3,1490,1,1,0,0.0
3x3,1491,0,1,0,0.0
3x3,1491,1,1,0,0.0
3x3,1492,0,1,0,0.0
3x3,1492,1,1,0,0.0
3x3,1493,0,1,0,0.0
3x3,1493,1,1,0,0.0
3x3,1494,0,1,0,0.0
3x3,1494,1,1,0,0.0
3x3,1495,0,1,1,0.3333333333333333
3x3,1495,1,1,0,0.0
3x3,1496,0,1,0,0.0
3x3,1496,1,1,0,0.0
3x3,1497,0,1,0,0.0
3x3,1497,1,1,0,0.0
3x3,1498,0,1,0,0.0
3x3,1498,1,1,0,0.0
3x3,1499,0,1,1,0.3333333333333333
3x3,1499,1,1,0,0.0
3x3,1500,0,1,0,0.0
3x3,1500,1,1,0,0.0
3x3,1501,0,1,0,0.0
3x3,1501,1,1,0,0.0
3x3,1502,0,1,1,0.3333333333333333
3x3,1502,1,1,0,0.0
3x3,1503,0,1,0,0.0
3x3,1503,1,1,0,0.0
3x3,1504,0,1,1,0.3333333333333333
3x3,1504,1,1,0,0.0
3x3,1505,0,1,0,0.0
3x3,1505,1,1,0,0.0
3x3,1506,0,1,1,0.3333333333333333
3x3,1506,1,1,0,0.0
3x3,1507,0,1,1,0.3333333333333333
3x3,1507,1,1,0,0.0
3x3,1508,0,1,0,0.0
3x3,1508,1,1,0,0.0
3x3,1509,0,1,1,0.3333333333333333
3x3,1509,1,1,0,0.0
3x3,1510,0,1,0,0.0
3x3,1510,1,1,0,0.0
3x3,1511,0,1,1,0.3333333333333333
3x3,1511,1,1,0,0.0
3x3,1512,0,1,0,0.0
3x3,1512,1,1,0,0.0
3x3,1513,0,1,0,0.0
3x3,1513,1,1,0,0.0
3x3,1514,0,1,0,0.0
3x3,1514,1,1,0,0.0
3x3,1515,0,1,0,0.0
3x3,1515,1,1,0,0.0
3x3,1516,0,1,0,0.0
3x3,1516,1,1,1,0.3333333333333333
3x3,1517,0,1,0,0.0
3x3,1517,1,1,0,0.0
3x3,1518,0,1,0,0.0
3x3,1518,1,1,0,0.0
3x3,1519,0,1,0,0.0
3x3,1519,1,1,0,0.0
3x3,1520,0,1,0,0.0
3x3,1520,1,1,1,0.3333333333333333
3x3,1521,0,1,0,0.0
3x3,1521,1,1,0,0.0
3x3,1522,0,1,1,0.3333333333333333
3x3,1522,1,1,0,0.0
3x3,1523,0,1,1,0.3333333333333333
3x3,1523,1,1,0,0.0
3x3,1524,0,1,0,0.0
3x3,1524,1,1,0,0.0
3x3,1525,0,1,1,0.3333333333333333
3x3,1525,1,1,0,0.0
3x3,1526,0,1,1,0.3333333333333333
3x3,1526,1,1,0,0.0
3x3,1527,0,1,1,0.3333333333333333
3x3,1527,1,1,0,0.0
3x3,1528,0,1,0,0.0
3x3,1528,1,1,0,0.0
3x3,1529,0,1,1,0.3333333333333333
3x3,1529,1,1,0,0.0
3x3,1530,0,1,0,0.0
3x3,1530,1,1,0,0.0
3x3,1531,0,1,0,0.0
3x3,1531,1,1,0,0.0
3x3,1532,0,1,0,0.0
3x3,1532,1,1,0,0.0
3x3,1533,0,1,0,0.0
3x3,1533,1,1,1,0.3333333333333333
3x3,1534,0,1,0,0.0
3x3,1534,1,1,0,0.0
3x3,1535,0,1,0,0.0
3x3,1535,1,1,0,0.0
3x3,1536,0,1,0,0.0
3x3,1536,1,1,1,0.3333333333333333
3x3,1537,0,1,0,0.0
3x3,1537,1,1,0,0.0
3x3,1538,0,1,0,0.0
3x3,1538,1,1,0,0.0
3x3,1539,0,1,0,0.0
3x3,1539,1,1,0,0.0
3x3,1540,0,1,0,0.0
3x3,1540,1,1,0,0.0
3x3,1541,0,1,0,0.0
3x3,1541,1,1,0,0.0
3x3,1542,0,1,0,0.0
3x3,1542,1,1,0,0.0
3x3,1543,0,1,0,0.0
3x3,1543,1,1,0,0.0
3x3,1544,0,1,0,0.0
3x3,1544,1,1,0,0.0
3x3,1545,0,1,0,0.0
3x3,1545,1,1,0,0.0
3x3,1546,0,1,0,0.0
3x3,1546,1,1,0,0.0
3x3,1547,0,1,0,0.0
3x3,1547,1,1,0,0.0
3x3,1548,0,1,0,0.0
3x3,1548,1,1,0,0.0
3x3,1549,0,1,0,0.0
3x3,1549,1,1,0,0.0
3x3,1550,0,1,0,0.0
3x3,1550,1,1,0,0.0
3x3,1551,0,1,0,0.0
3x3,1551,1,1,0,0.0
3x3,1552,0,1,0,0.0
3x3,1552,1,1,0,0.0
3x3,1553,0,1,0,0.0
3x3,1553,1,1,0,0.0
3x3,1554,0,1,0,0.0
3x3,1554,1,1,0,0.0
3x3,1555,0,1,0,0.0
3x3,1555,1,1,0,0.0
3x3,1556,0,1,0,0.0
3x3,1556,1,1,0,0.0
3x3,1557,0,1,0,0.0
3x3,1557,1,1,0,0.0
3x3,1558,0,1,0,0.0
3x3,1558,1,1,0,0.0
3x3,1559,0,1,0,0.0
3x3,1559,1,1,0,0.0
3x3,1560,0,1,0,0.0
3x3,1560,1,1,0,0.0
3x3,1561,0,1,0,0.0
3x3,1561,1,1,0,0.0
3x3,1562,0,1,0,0.0
3x3,1562,1,1,0,0.0
3x3,1563,0,1,0,0.0
3x3,1563,1,1,0,0.0
3x3,1564,0,1,0,0.0
3x3,1564,1,1,0,0.0
3x3,1565,0,1,0,0.0
3x3,1565,1,1,0,0.0
3x3,1566,0,1,0,0.0
3x3,1566,1,1,0,0.0
3x3,1567,0,1,0,0.0
3x3,1567,1,1,0,0.0
3x3,1568,0,1,0,0.0
3x3,1568,1,1,0,0.0
3x3,1569,0,1,0,0.0
3x3,1569,1,1,0,0.0
3x3,1570,0,1,0,0.0
3x3,1570,1,1,0,0.0
3x3,1571,0,1,0,0.0
3x3,1571,1,1,0,0.0
3x3,1572,0,1,0,0.0
3x3,1572,1,1,0,0.0
3x3,1573,0,1,0,0.0
3x3,1573,1,1,0,0.0
3x3,1574,0,1,0,0.0
3x3,1574,1,1,0,0.0
3x3,1575,0,1,0,0.0
3x3,1575,1,1,0,0.0
3x3,1576,0,1,0,0.0
3x3,1576,1,1,0,0.0
3x3,1577,0,1,0,0.0
3x3,1577,1,1,0,0.0
3x3,1578,0,1,0,0.0
3x3,1578,1,1,0,0.0
3x3,1579,0,1,0,0.0
3x3,1579,1,1,0,0.0
3x3,1580,0,1,0,0.0
3x3,1580,1,1,0,0.0
3x3,1581,0,1,0,0.0
3x3,1581,1,1,0,0.0
3x3,1582,0,1,0,0.0
3x3,1582,1,1,0,0.0
3x3,1583,0,1,0,0.0
3x3,1583,1,1,0,0.0
3x3,1584,0,1,0,0.0
3x3,1584,1,1,0,0.0
3x3,1585,0,1,0,0.0
3x3,1585,1,1,0,0.0
3x3,1586,0,1,0,0.0
3x3,1586,1,1,0,0.0
3x3,1587,0,1,0,0.0
3x3,1587,1,1,0,0.0
3x3,1588,0,1,0,0.0
3x3,1588,1,1,0,0.0
3x3,1589,0,1,0,0.0
3x3,1589,1,1,0,0.0
3x3,1590,0,1,0,0.0
3x3,1590,1,1,0,0.0
3x3,1591,0,1,0,0.0
3x3,1591,1,1,0,0.0
3x3,1592,0,1,0,0.0
3x3,1592,1,1,0,0.0
3x3,1593,0,1,0,0.0
3x3,1593,1,1,0,0.0
3x3,1594,0,1,0,0.0
3x3,1594,1,1,0,0.0
3x3,1595,0,1,0,0.0
3x3,1595,1,1,0,0.0
3x3,1596,0,1,0,0.0
3x3,1596,1,1,0,0.0
3x3,1597,0,1,0,0.0
3x3,1597,1,1,0,0.0
3x3,1598,0,1,0,0.0
3x3,1598,1,1,0,0.0
3x3,1599,0,1,0,0.0
3x3,1599,1,1,0,0.0
3x3,1600,0,1,0,0.0
3x3,1600,1,1,0,0.0
3x3,1601,0,1,1,0.3333333333333333
3x3,1601,1,1,0,0.0
3x3,1602,0,1,1,0.3333333333333333
3x3,1602,1,1,0,0.0
3x3,1603,0,1,1,0.3333333333333333
3x3,1603,1,1,0,0.0
3x3,1604,0,1,0,0.0
3x3,1604,1,1,0,0.0
3x3,1605,0,1,1,0.3333333333333333
3x3,1605,1,1,0,0.0
3x3,1606,0,1,0,0.0
3x3,1606,1,1,0,0.0
3x3,1607,0,1,1,0.3333333333333333
3x3,1607,1,1,0,0.0
3x3,1608,0,1,0,0.0
3x3,1608,1,1,0,0.0
3x3,1609,0,1,1,0.3333333333333333
3x3,1609,1,1,0,0.0
3x3,1610,0,1,1,0.3333333333333333
3x3,1610,1,1,0,0.0
3x3,1611,0,1,2,0.6666666666666666
3x3,1611,1,1,0,0.0
3x3,1612,0,1,0,0.0
3x3,1612,1,1,0,0.0
3x3,1613,0,1,1,0.3333333333333333
3x3,1613,1,1,0,0.0
3x3,1614,0,1,0,0.0
3x3,1614,1,1,0,0.0
3x3,1615,0,1,0,0.0
3x3,1615,1,1,0,0.0
3x3,1616,0,1,1,0.3333333333333333
3x3,1616,1,1,0,0.0
3x3,1617,0,1,2,0.6666666666666666
3x3,1617,1,1,0,0.0
3x3,1618,0,1,1,0.3333333333333333
3x3,1618,1,1,0,0.0
3x3,1619,0,1,1,0.3333333333333333
3x3,1619,1,1,0,0.0
3x3,1620,0,1,0,0.0
3x3,1620,1,1,0,0.0
3x3,1621,0,1,1,0.3333333333333333
3x3,1621,1,1,0,0.0
3x3,1622,0,1,2,0.6666666666666666
3x3,1622,1,1,0,0.0
3x3,1623,0,1,1,0.3333333333333333
3x3,1623,1,1,0,0.0
3x3,1624,0,1,1,0.3333333333333333
3x3,1624,1,1,0,0.0
3x3,1625,0,1,1,0.3333333333333333
3x3,1625,1,1,0,0.0
3x3,1626,0,1,0,0.0
3x3,1626,1,1,0,0.0
3x3,1627,0,1,0,0.0
3x3,1627,1,1,0,0.0
3x3,1628,0,1,2,0.6666666666666666
3x3,1628,1,1,0,0.0
3x3,1629,0,1,1,0.3333333333333333
3x3,1629,1,1,0,0.0
3x3,1630,0,1,1,0.3333333333333333
3x3,1630,1,1,0,0.0
3x3,1631,0,1,1,0.3333333333333333
3x3,1631,1,1,0,0.0
3x3,1632,0,1,1,0.3333333333333333
3x3,1632,1,1,0,0.0
3x3,1633,0,1,3,1.0
3x3,1633,1,1,0,0.0
3x3,1634,0,1,1,0.3333333333333333
3x3,1634,1,1,0,0.0
3x3,1635,0,1,1,0.3333333333333333
3x3,1635,1,1,0,0.0
3x3,1636,0,1,0,0.0
3x3,1636,1,1,0,0.0
3x3,1637,0,1,1,0.3333333333333333
3x3,1637,1,1,0,0.0
3x3,1638,0,1,2,0.6666666666666666
3x3,1638,1,1,0,0.0
3x3,1639,0,1,1,0.3333333333333333
3x3,1639,1,1,0,0.0
3x3,1640,0,1,1,0.3333333333333333
3x3,1640,1,1,0,0.0
3x3,1641,0,1,1,0.3333333333333333
3x3,1641,1,1,0,0.0
3x3,1642,0,1,2,0.6666666666666666
3x3,1642,1,1,0,0.0
3x3,1643,0,1,1,0.3333333333333333
3x3,1643,1,1,0,0.0
3x3,1644,0,1,1,0.3333333333333333
3x3,1644,1,1,0,0.0
3x3,1645,0,1,0,0.0
3x3,1645,1,1,0,0.0
3x3,1646,0,1,0,0.0
3x3,1646,1,1,0,0.0
3x3,1647,0,1,1,0.3333333333333333
3x3,1647,1,1,0,0.0
3x3,1648,0,1,1,0.3333333333333333
3x3,1648,1,1,0,0.0
3x3,1649,0,1,0,0.0
3x3,1649,1,1,0,0.0
3x3,1650,0,1,1,0.3333333333333333
3x3,1650,1,1,0,0.0
3x3,1651,0,1,0,0.0
3x3,1651,1,1,0,0.0
3x3,1652,0,1,1,0.3333333333333333
3x3,1652,1,1,0,0.0
3x3,1653,0,1,1,0.3333333333333333
3x3,1653,1,1,0,0.0
3x3,1654,0,1,0,0.0
3x3,1654,1,1,0,0.0
3x3,1655,0,1,1,0.3333333333333333
3x3,1655,1,1,0,0.0
3x3,1656,0,1,0,0.0
3x3,1656,1,1,0,0.0
3x3,1657,0,1,0,0.0
3x3,1657,1,1,0,0.0
3x3,1658,0,1,1,0.3333333333333333
3x3,1658,1,1,0,0.0
3x3,1659,0,1,1,0.3333333333333333
3x3,1659,1,1,0,0.0
3x3,1660,0,1,1,0.3333333333333333
3x3,1660,1,1,0,0.0
3x3,1661,0,1,0,0.0
3x3,1661,1,1,0,0.0
3x3,1662,0,1,1,0.3333333333333333
3x3,1662,1,1,0,0.0
3x3,1663,0,1,1,0.3333333333333333
3x3,1663,1,1,0,0.0
3x3,1664,0,1,1,0.3333333333333333
3x3,1664,1,1,0,0.0
3x3,1665,0,1,0,0.0
3x3,1665,1,1,0,0.0
3x3,1666,0,1,1,0.3333333333333333
3x3,1666,1,1,0,0.0
3x3,1667,0,1,2,0.6666666666666666
3x3,1667,1,1,0,0.0
3x3,1668,0,1,1,0.3333333333333333
3x3,1668,1,1,0,0.0
3x3,1669,0,1,1,0.3333333333333333
3x3,1669,1,1,0,0.0
3x3,1670,0,1,1,0.3333333333333333
3x3,1670,1,1,0,0.0
3x3,1671,0,1,2,0.6666666666666666
3x3,1671,1,1,0,0.0
3x3,1672,0,1,1,0.3333333333333333
3x3,1672,1,1,0,0.0
3x3,1673,0,1,1,0.3333333333333333
3x3,1673,1,1,0,0.0
3x3,1674,0,1,0,0.0
3x3,1674,1,1,0,0.0
3x3,1675,0,1,1,0.3333333333333333
3x3,1675,1,1,0,0.0
3x3,1676,0,1,1,0.3333333333333333
3x3,1676,1,1,0,0.0
3x3,1677,0,1,1,0.3333333333333333
3x3,1677,1,1,0,0.0
3x3,1678,0,1,1,0.3333333333333333
3x3,1678,1,1,0,0.0
3x3,1679,0,1,1,0.3333333333333333
3x3,1679,1,1,0,0.0
3x3,1680,0,1,1,0.3333333333333333
3x3,1680,1,1,0,0.0
3x3,1681,0,1,0,0.0
3x3,1681,1,1,0,0.0
3x3,1682,0,1,0,0.0
3x3,1682,1,1,0,0.0
3x3,1683,0,1,0,0.0
3x3,1683,1,1,0,0.0
3x3,1684,0,1,0,0.0
3x3,1684,1,1,0,0.0
3x3,1685,0,1,0,0.0
3x3,1685,1,1,0,0.0
3x3,1686,0,1,0,0.0
3x3,1686,1,1,0,0.0
3x3,1687,0,1,0,0.0
3x3,1687,1,1,0,0.0
3x3,1688,0,1,0,0.0
3x3,1688,1,1,0,0.0
3x3,1689,0,1,0,0.0
3x3,1689,1,1,0,0.0
3x3,1690,0,1,0,0.0
3x3,1690,1,1,0,0.0
3x3,1691,0,1,0,0.0
3x3,1691,1,1,0,0.0
3x3,1692,0,1,0,0.0
3x3,1692,1,1,0,0.0
3x3,1693,0,1,0,0.0
3x3,1693,1,1,0,0.0
3x3,1694,0,1,0,0.0
3x3,1694,1,1,0,0.0
3x3,1695,0,1,0,0.0
3x3,1695,1,1,0,0.0
3x3,1696,0,1,0,0.0
3x3,1696,1,1,0,0.0
3x3,1697,0,1,0,0.0
3x3,1697,1,1,0,0.0
3x3,1698,0,1,0,0.0
3x3,1698,1,1,0,0.0
3x3,1699,0,1,0,0.0
3x3,1699,1,1,0,0.0
3x3,1700,0,1,0,0.0
3x3,1700,1,1,0,0.0
3x3,1701,0,1,0,0.0
3x3,1701,1,1,0,0.0
3x3,1702,0,1,0,0.0
3x3,1702,1,1,0,0.0
3x3,1703,0,1,0,0.0
3x3,1703,1,1,0,0.0
3x3,1704,0,1,0,0.0
3x3,1704,1,1,0,0.0
3x3,1705,0,1,0,0.0
3x3,1705,1,1,0,0.0
3x3,1706,0,1,0,0.0
3x3,1706,1,1,0,0.0
3x3,1707,0,1,0,0.0
3x3,1707,1,1,0,0.0
3x3,1708,0,1,0,0.0
3x3,1708,1,1,0,0.0
3x3,1709,0,1,0,0.0
3x3,1709,1,1,0,0.0
3x3,1710,0,1,0,0.0
3x3,1710,1,1,0,0.0
3x3,1711,0,1,0,0.0
3x3,1711,1,1,0,0.0
3x3,1712,0,1,0,0.0
3x3,1712,1,1,0,0.0
3x3,1713,0,1,0,0.0
3x3,1713,1,1,0,0.0
3x3,1714,0,1,0,0.0
3x3,1714,1,1,0,0.0
3x3,1715,0,1,0,0.0
3x3,1715,1,1,0,0.0
3x3,1716,0,1,0,0.0
3x3,1716,1,1,0,0.0
3x3,1717,0,1,0,0.0
3x3,1717,1,1,0,0.0
3x3,1718,0,1,0,0.0
3x3,1718,1,1,0,0.0
3x3,1719,0,1,0,0.0
3x3,1719,1,1,0,0.0
3x3,1720,0,1,0,0.0
3x3,1720,1,1,0,0.0
3x3,1721,0,1,0,0.0
3x3,1721,1,1,0,0.0
3x3,1722,0,1,0,0.0
3x3,1722,1,1,0,0.0
3x3,1723,0,1,0,0.0
3x3,1723,1,1,0,0.0
3x3,1724,0,1,0,0.0
3x3,1724,1,1,0,0.0
3x3,1725,0,1,0,0.0
3x3,1725,1,1,0,0.0
3x3,1726,0,1,0,0.0
3x3,1726,1,1,0,0.0
3x3,1727,0,1,0,0.0
3x3,1727,1,1,0,0.0
3x3,1728,0,1,0,0.0
3x3,1728,1,1,0,0.0
3x3,1729,0,1,0,0.0
3x3,1729,1,1,0,0.0
3x3,1730,0,1,0,0.0
3x3,1730,1,1,0,0.0
3x3,1731,0,1,0,0.0
3x3,1731,1,1,0,0.0
3x3,1732,0,1,0,0.0
3x3,1732,1,1,0,0.0
3x3,1733,0,1,0,0.0
3x3,1733,1,1,0,0.0
3x3,1734,0,1,0,0.0
3x3,1734,1,1,0,0.0
3x3,1735,0,1,0,0.0
3x3,1735,1,1,0,0.0
3x3,1736,0,1,0,0.0
3x3,1736,1,1,0,0.0
3x3,1737,0,1,0,0.0
3x3,1737,1,1,0,0.0
3x3,1738,0,1,0,0.0
3x3,1738,1,1,0,0.0
3x3,1739,0,1,0,0.0
3x3,1739,1,1,0,0.0
3x3,1740,0,1,0,0.0
3x3,1740,1,1,0,0.0
3x3,1741,0,1,0,0.0
3x3,1741,1,1,0,0.0
3x3,1742,0,1,0,0.0
3x3,1742,1,1,0,0.0
3x3,1743,0,1,0,0.0
3x3,1743,1,1,0,0.0
3x3,1744,0,1,0,0.0
3x3,1744,1,1,0,0.0
3x3,1745,0,1,1,0.3333333333333333
3x3,1745,1,1,0,0.0
3x3,1746,0,1,0,0.0
3x3,1746,1,1,0,0.0
3x3,1747,0,1,0,0.0
3x3,1747,1,1,0,0.0
3x3,1748,0,1,0,0.0
3x3,1748,1,1,0,0.0
3x3,1749,0,1,1,0.3333333333333333
3x3,1749,1,1,0,0.0
3x3,1750,0,1,1,0.3333333333333333
3x3,1750,1,1,0,0.0
3x3,1751,0,1,1,0.3333333333333333
3x3,1751,1,1,0,0.0
3x3,1752,0,1,0,0.0
3x3,1752,1,1,0,0.0
3x3,1753,0,1,1,0.3333333333333333
3x3,1753,1,1,0,0.0
3x3,1754,0,1,2,0.6666666666666666
3x3,1754,1,1,0,0.0
3x3,1755,0,1,1,0.3333333333333333
3x3,1755,1,1,0,0.0
3x3,1756,0,1,0,0.0
3x3,1756,1,1,0,0.0
3x3,1757,0,1,0,0.0
3x3,1757,1,1,0,0.0
3x3,1758,0,1,1,0.3333333333333333
3x3,1758,1,1,0,0.0
3x3,1759,0,1,1,0.3333333333333333
3x3,1759,1,1,0,0.0
3x3,1760,0,1,1,0.3333333333333333
3x3,1760,1,1,0,0.0
3x3,1761,0,1,0,0.0
3x3,1761,1,1,0,0.0
3x3,1762,0,1,1,0.3333333333333333
3x3,1762,1,1,0,0.0
3x3,1763,0,1,1,0.3333333333333333
3x3,1763,1,1,0,0.0
3x3,1764,0,1,1,0.3333333333333333
3x3,1764,1,1,0,0.0
3x3,1765,0,1,1,0.3333333333333333
3x3,1765,1,1,0,0.0
3x3,1766,0,1,0,0.0
3x3,1766,1,1,0,0.0
3x3,1767,0,1,0,0.0
3x3,1767,1,1,0,0.0
3x3,1768,0,1,1,0.3333333333333333
3x3,1768,1,1,0,0.0
3x3,1769,0,1,1,0.3333333333333333
3x3,1769,1,1,0,0.0
3x3,1770,0,1,1,0.3333333333333333
3x3,1770,1,1,0,0.0
3x3,1771,0,1,1,0.3333333333333333
3x3,1771,1,1,0,0.0
3x3,1772,0,1,2,0.6666666666666666
3x3,1772,1,1,0,0.0
3x3,1773,0,1,1,0.3333333333333333
3x3,1773,1,1,0,0.0
3x3,1774,0,1,0,0.0
3x3,1774,1,1,0,0.0
3x3,1775,0,1,1,0.3333333333333333
3x3,1775,1,1,0,0.0
3x3,1776,0,1,1,0.3333333333333333
3x3,1776,1,1,0,0.0
3x3,1777,0,1,1,0.3333333333333333
3x3,1777,1,1,0,0.0
3x3,1778,0,1,1,0.3333333333333333
3x3,1778,1,1,0,0.0
3x3,1779,0,1,1,0.3333333333333333
3x3,1779,1,1,0,0.0
3x3,1780,0,1,1,0.3333333333333333
3x3,1780,1,1,0,0.0
3x3,1781,0,1,0,0.0
3x3,1781,1,1,0,0.0
3x3,1782,0,1,1,0.3333333333333333
3x3,1782,1,1,0,0.0
3x3,1783,0,1,0,0.0
3x3,1783,1,1,0,0.0
3x3,1784,0,1,1,0.3333333333333333
3x3,1784,1,1,0,0.0
3x3,1785,0,1,1,0.3333333333333333
3x3,1785,1,1,0,0.0
3x3,1786,0,1,1,0.3333333333333333
3x3,1786,1,1,0,0.0
3x3,1787,0,1,0,0.0
3x3,1787,1,1,0,0.0
3x3,1788,0,1,1,0.3333333333333333
3x3,1788,1,1,0,0.0
3x3,1789,0,1,1,0.3333333333333333
3x3,1789,1,1,0,0.0
3x3,1790,0,1,0,0.0
3x3,1790,1,1,0,0.0
3x3,1791,0,1,0,0.0
3x3,1791,1,1,0,0.0
3x3,1792,0,1,0,0.0
3x3,1792,1,1,0,0.0
3x3,1793,0,1,0,0.0
3x3,1793,1,1,1,0.3333333333333333
3x3,1794,0,1,0,0.0
3x3,1794,1,1,0,0.0
3x3,1795,0,1,0,0.0
3x3,1795,1,1,0,0.0
3x3,1796,0,1,0,0.0
3x3,1796,1,1,1,0.3333333333333333
3x3,1797,0,1,0,0.0
3x3,1797,1,1,0,0.0
3x3,1798,0,1,1,0.3333333333333333
3x3,1798,1,1,0,0.0
3x3,1799,0,1,1,0.3333333333333333
3x3,1799,1,1,0,0.0
3x3,1800,0,1,1,0.3333333333333333
3x3,1800,1,1,0,0.0
3x3,1801,0,1,1,0.3333333333333333
3x3,1801,1,1,0,0.0
3x3,1802,0,1,1,0.3333333333333333
3x3,1802,1,1,0,0.0
3x3,1803,0,1,1,0.3333333333333333
3x3,1803,1,1,0,0.0
3x3,1804,0,1,0,0.0
3x3,1804,1,1,0,0.0
3x3,1805,0,1,0,0.0
3x3,1805,1,1,0,0.0
3x3,1806,0,1,0,0.0
3x3,1806,1,1,1,0.3333333333333333
3x3,1807,0,1,0,0.0
3x3,1807,1,1,0,0.0
3x3,1808,0,1,0,0.0
3x3,1808,1,1,1,0.3333333333333333
3x3,1809,0,1,0,0.0
3x3,1809,1,1,0,0.0
3x3,1810,0,1,0,0.0
3x3,1810,1,1,0,0.0
3x3,1811,0,1,0,0.0
3x3,1811,1,1,0,0.0
3x3,1812,0,1,0,0.0
3x3,1812,1,1,0,0.0
3x3,1813,0,1,0,0.0
3x3,1813,1,1,0,0.0
3x3,1814,0,1,0,0.0
3x3,1814,1,1,0,0.0
3x3,1815,0,1,0,0.0
3x3,1815,1,1,0,0.0
3x3,1816,0,1,0,0.0
3x3,1816,1,1,0,0.0
3x3,1817,0,1,0,0.0
3x3,1817,1,1,0,0.0
3x3,1818,0,1,0,0.0
3x3,1818,1,1,0,0.0
3x3,1819,0,1,0,0.0
3x3,1819,1,1,0,0.0
3x3,1820,0,1,0,0.0
3x3,1820,1,1,0,0.0
3x3,1821,0,1,0,0.0
3x3,1821,1,1,0,0.0
3x3,1822,0,1,0,0.0
3x3,1822,1,1,0,0.0
3x3,1823,0,1,0,0.0
3x3,1823,1,1,0,0.0
3x3,1824,0,1,0,0.0
3x3,1824,1,1,0,0.0
3x3,1825,0,1,0,0.0
3x3,1825,1,1,0,0.0
3x3,1826,0,1,0,0.0
3x3,1826,1,1,0,0.0
3x3,1827,0,1,0,0.0
3x3,1827,1,1,0,0.0
3x3,1828,0,1,0,0.0
3x3,1828,1,1,0,0.0
3x3,1829,0,1,0,0.0
3x3,1829,1,1,0,0.0
3x3,1830,0,1,0,0.0
3x3,1830,1,1,0,0.0
3x3,1831,0,1,0,0.0
3x3,1831,1,1,0,0.0
3x3,1832,0,1,0,0.0
3x3,1832,1,1,0,0.0
3x3,1833,0,1,0,0.0
3x3,1833,1,1,0,0.0
3x3,1834,0,1,0,0.0
3x3,1834,1,1,0,0.0
3x3,1835,0,1,0,0.0
3x3,1835,1,1,0,0.0
3x3,1836,0,1,0,0.0
3x3,1836,1,1,0,0.0
3x3,1837,0,1,0,0.0
3x3,1837,1,1,0,0.0
3x3,1838,0,1,0,0.0
3x3,1838,1,1,0,0.0
3x3,1839,0,1,0,0.0
3x3,1839,1,1,0,0.0
3x3,1840,0,1,0,0.0
3x3,1840,1,1,0,0.0
3x3,1841,0,1,0,0.0
3x3,1841,1,1,0,0.0
3x3,1842,0,1,0,0.0
3x3,1842,1,1,0,0.0
3x3,1843,0,1,0,0.0
3x3,1843,1,1,0,0.0
3x3,1844,0,1,0,0.0
3x3,1844,1,1,0,0.0
3x3,1845,0,1,0,0.0
3x3,1845,1,1,0,0.0
3x3,1846,0,1,0,0.0
3x3,1846,1,1,0,0.0
3x3,1847,0,1,0,0.0
3x3,1847,1,1,0,0.0
3x3,1848,0,1,0,0.0
3x3,1848,1,1,0,0.0
3x3,1849,0,1,0,0.0
3x3,1849,1,1,0,0.0
3x3,1850,0,1,0,0.0
3x3,1850,1,1,0,0.0
3x3,1851,0,1,0,0.0
3x3,1851,1,1,0,0.0
3x3,1852,0,1,0,0.0
3x3,1852,1,1,0,0.0
3x3,1853,0,1,0,0.0
3x3,1853,1,1,0,0.0
3x3,1854,0,1,0,0.0
3x3,1854,1,1,0,0.0
3x3,1855,0,1,0,0.0
3x3,1855,1,1,0,0.0
3x3,1856,0,1,0,0.0
3x3,1856,1,1,0,0.0
3x3,1857,0,1,1,0.3333333333333333
3x3,1857,1,1,0,0.0
3x3,1858,0,1,1,0.3333333333333333
3x3,1858,1,1,0,0.0
3x3,1859,0,1,1,0.3333333333333333
3x3,1859,1,1,0,0.0
3x3,1860,0,1,0,0.0
3x3,1860,1,1,0,0.0
3x3,1861,0,1,0,0.0
3x3,1861,1,1,0,0.0
3x3,1862,0,1,0,0.0
3x3,1862,1,1,0,0.0
3x3,1863,0,1,0,0.0
3x3,1863,1,1,0,0.0
3x3,1864,0,1,0,0.0
3x3,1864,1,1,0,0.0
3x3,1865,0,1,1,0.3333333333333333
3x3,1865,1,1,0,0.0
3x3,1866,0,1,1,0.3333333333333333
3x3,1866,1,1,0,0.0
3x3,1867,0,1,1,0.3333333333333333
3x3,1867,1,1,0,0.0
3x3,1868,0,1,0,0.0
3x3,1868,1,1,0,0.0
3x3,1869,0,1,0,0.0
3x3,1869,1,1,0,0.0
3x3,1870,0,1,0,0.0
3x3,1870,1,1,0,0.0
3x3,1871,0,1,0,0.0
3x3,1871,1,1,0,0.0
3x3,1872,0,1,1,0.3333333333333333
3x3,1872,1,1,0,0.0
3x3,1873,0,1,1,0.3333333333333333
3x3,1873,1,1,0,0.0
3x3,1874,0,1,1,0.3333333333333333
3x3,1874,1,1,0,0.0
3x3,1875,0,1,0,0.0
3x3,1875,1,1,0,0.0
3x3,1876,0,1,0,0.0
3x3,1876,1,1,0,0.0
3x3,1877,0,1,1,0.3333333333333333
3x3,1877,1,1,0,0.0
3x3,1878,0,1,1,0.3333333333333333
3x3,1878,1,1,0,0.0
3x3,1879,0,1,1,0.3333333333333333
3x3,1879,1,1,0,0.0
3x3,1880,0,1,0,0.0
3x3,1880,1,1,0,0.0
3x3,1881,0,1,1,0.3333333333333333
3x3,1881,1,1,0,0.0
3x3,1882,0,1,0,0.0
3x3,1882,1,1,0,0.0
3x3,1883,0,1,0,0.0
3x3,1883,1,1,0,0.0
3x3,1884,0,1,1,0.3333333333333333
3x3,1884,1,1,0,0.0
3x3,1885,0,1,1,0.3333333333333333
3x3,1885,1,1,0,0.0
3x3,1886,0,1,0,0.0
3x3,1886,1,1,0,0.0
3x3,1887,0,1,1,0.3333333333333333
3x3,1887,1,1,0,0.0
3x3,1888,0,1,1,0.3333333333333333
3x3,1888,1,1,0,0.0
3x3,1889,0,1,2,0.6666666666666666
3x3,1889,1,1,0,0.0
3x3,1890,0,1,1,0.3333333333333333
3x3,1890,1,1,0,0.0
3x3,1891,0,1,0,0.0
3x3,1891,1,1,0,0.0
3x3,1892,0,1,0,0.0
3x3,1892,1,1,0,0.0
3x3,1893,0,1,1,0.3333333333333333
3x3,1893,1,1,0,0.0
3x3,1894,0,1,1,0.3333333333333333
3x3,1894,1,1,0,0.0
3x3,1895,0,1,1,0.3333333333333333
3x3,1895,1,1,0,0.0
3x3,1896,0,1,0,0.0
3x3,1896,1,1,0,0.0
3x3,1897,0,1,1,0.3333333333333333
3x3,1897,1,1,0,0.0
3x3,1898,0,1,1,0.3333333333333333
3x3,1898,1,1,0,0.0
3x3,1899,0,1,1,0.3333333333333333
3x3,1899,1,1,0,0.0
3x3,1900,0,1,0,0.0
3x3,1900,1,1,0,0.0
3x3,1901,0,1,0,0.0
3x3,1901,1,1,0,0.0
3x3,1902,0,1,0,0.0
3x3,1902,1,1,0,0.0
3x3,1903,0,1,1,0.3333333333333333
3x3,1903,1,1,0,0.0
3x3,1904,0,1,0,0.0
3x3,1904,1,1,0,0.0
3x3,1905,0,1,0,0.0
3x3,1905,1,1,0,0.0
3x3,1906,0,1,0,0.0
3x3,1906,1,1,0,0.0
3x3,1907,0,1,0,0.0
3x3,1907,1,1,0,0.0
3x3,1908,0,1,1,0.3333333333333333
3x3,1908,1,1,0,0.0
3x3,1909,0,1,0,0.0
3x3,1909,1,1,0,0.0
3x3,1910,0,1,0,0.0
3x3,1910,1,1,0,0.0
3x3,1911,0,1,0,0.0
3x3,1911,1,1,0,0.0
3x3,1912,0,1,0,0.0
3x3,1912,1,1,0,0.0
3x3,1913,0,1,0,0.0
3x3,1913,1,1,0,0.0
3x3,1914,0,1,0,0.0
3x3,1914,1,1,0,0.0
3x3,1915,0,1,0,0.0
3x3,1915,1,1,1,0.3333333333333333
3x3,1916,0,1,0,0.0
3x3,1916,1,1,0,0.0
3x3,1917,0,1,0,0.0
3x3,1917,1,1,0,0.0
3x3,1918,0,1,0,0.0
3x3,1918,1,1,0,0.0
3x3,1919,0,1,0,0.0
3x3,1919,1,1,1,0.3333333333333333
3x3,1920,0,1,0,0.0
3x3,1920,1,1,0,0.0
3x3,1921,0,1,0,0.0
3x3,1921,1,1,0,0.0
3x3,1922,0,1,1,0.3333333333333333
3x3,1922,1,1,0,0.0
3x3,1923,0,1,1,0.3333333333333333
3x3,1923,1,1,0,0.0
3x3,1924,0,1,1,0.3333333333333333
3x3,1924,1,1,0,0.0
3x3,1925,0,1,0,0.0
3x3,1925,1,1,0,0.0
3x3,1926,0,1,1,0.3333333333333333
3x3,1926,1,1,0,0.0
3x3,1927,0,1,1,0.3333333333333333
3x3,1927,1,1,0,0.0
3x3,1928,0,1,1,0.3333333333333333
3x3,1928,1,1,0,0.0
3x3,1929,0,1,0,0.0
3x3,1929,1,1,0,0.0
3x3,1930,0,1,0,0.0
3x3,1930,1,1,0,0.0
3x3,1931,0,1,0,0.0
3x3,1931,1,1,0,0.0
3x3,1932,0,1,0,0.0
3x3,1932,1,1,1,0.3333333333333333
3x3,1933,0,1,0,0.0
3x3,1933,1,1,0,0.0
3x3,1934,0,1,0,0.0
3x3,1934,1,1,0,0.0
3x3,1935,0,1,0,0.0
3x3,1935,1,1,1,0.3333333333333333
3x3,1936,0,1,0,0.0
3x3,1936,1,1,0,0.0
3x3,1937,0,1,0,0.0
3x3,1937,1,1,0,0.0
3x3,1938,0,1,0,0.0
3x3,1938,1,1,0,0.0
3x3,1939,0,1,0,0.0
3x3,1939,1,1,0,0.0
3x3,1940,0,1,0,0.0
3x3,1940,1,1,0,0.0
3x3,1941,0,1,0,0.0
3x3,1941,1,1,0,0.0
3x3,1942,0,1,0,0.0
3x3,1942,1,1,0,0.0
3x3,1943,0,1,0,0.0
3x3,1943,1,1,0,0.0
3x3,1944,0,1,0,0.0
3x3,1944,1,1,0,0.0
3x3,1945,0,1,0,0.0
3x3,1945,1,1,0,0.0
3x3,1946,0,1,0,0.0
3x3,1946,1,1,0,0.0
3x3,1947,0,1,0,0.0
3x3,1947,1,1,0,0.0
3x3,1948,0,1,0,0.0
3x3,1948,1,1,0,0.0
3x3,1949,0,1,0,0.0
3x3,1949,1,1,0,0.0
3x3,1950,0,1,0,0.0
3x3,1950,1,1,0,0.0
3x3,1951,0,1,0,0.0
3x3,1951,1,1,0,0.0
3x3,1952,0,1,0,0.0
3x3,1952,1,1,0,0.0
3x3,1953,0,1,0,0.0
3x3,1953,1,1,0,0.0
3x3,1954,0,1,0,0.0
3x3,1954,1,1,0,0.0
3x3,1955,0,1,0,0.0
3x3,1955,1,1,0,0.0
3x3,1956,0,1,0,0.0
3x3,1956,1,1,0,0.0
3x3,1957,0,1,0,0.0
3x3,1957,1,1,0,0.0
3x3,1958,0,1,0,0.0
3x3,1958,1,1,0,0.0
3x3,1959,0,1,0,0.0
3x3,1959,1,1,0,0.0
3x3,1960,0,1,0,0.0
3x3,1960,1,1,0,0.0
3x3,1961,0,1,0,0.0
3x3,1961,1,1,0,0.0
3x3,1962,0,1,0,0.0
3x3,1962,1,1,0,0.0
3x3,1963,0,1,0,0.0
3x3,1963,1,1,0,0.0
3x3,1964,0,1,0,0.0
3x3,1964,1,1,0,0.0
3x3,1965,0,1,0,0.0
3x3,1965,1,1,0,0.0
3x3,1966,0,1,0,0.0
3x3,1966,1,1,0,0.0
3x3,1967,0,1,0,0.0
3x3,1967,1,1,0,0.0
3x3,1968,0,1,0,0.0
3x3,1968,1,1,0,0.0
3x3,1969,0,1,0,0.0
3x3,1969,1,1,0,0.0
3x3,1970,0,1,0,0.0
3x3,1970,1,1,0,0.0
3x3,1971,0,1,0,0.0
3x3,1971,1,1,0,0.0
3x3,1972,0,1,0,0.0
3x3,1972,1,1,0,0.0
3x3,1973,0,1,0,0.0
3x3,1973,1,1,0,0.0
3x3,1974,0,1,0,0.0
3x3,1974,1,1,0,0.0
3x3,1975,0,1,0,0.0
3x3,1975,1,1,0,0.0
3x3,1976,0,1,0,0.0
3x3,1976,1,1,0,0.0
3x3,1977,0,1,0,0.0
3x3,1977,1,1,0,0.0
3x3,1978,0,1,0,0.0
3x3,1978,1,1,0,0.0
3x3,1979,0,1,0,0.0
3x3,1979,1,1,0,0.0
3x3,1980,0,1,0,0.0
3x3,1980,1,1,0,0.0
3x3,1981,0,1,0,0.0
3x3,1981,1,1,0,0.0
3x3,1982,0,1,0,0.0
3x3,1982,1,1,0,0.0
3x3,1983,0,1,0,0.0
3x3,1983,1,1,0,0.0
3x3,1984,0,1,0,0.0
3x3,1984,1,1,0,0.0
3x3,1985,0,1,0,0.0
3x3,1985,1,1,0,0.0
3x3,1986,0,1,0,0.0
3x3,1986,1,1,0,0.0
3x3,1987,0,1,0,0.0
3x3,1987,1,1,0,0.0
3x3,1988,0,1,0,0.0
3x3,1988,1,1,0,0.0
3x3,1989,0,1,0,0.0
3x3,1989,1,1,0,0.0
3x3,1990,0,1,0,0.0
3x3,1990,1,1,0,0.0
3x3,1991,0,1,0,0.0
3x3,1991,1,1,0,0.0
3x3,1992,0,1,0,0.0
3x3,1992,1,1,0,0.0
3x3,1993,0,1,0,0.0
3x3,1993,1,1,0,0.0
3x3,1994,0,1,0,0.0
3x3,1994,1,1,0,0.0
3x3,1995,0,1,0,0.0
3x3,1995,1,1,0,0.0
3x3,1996,0,1,0,0.0
3x3,1996,1,1,0,0.0
3x3,1997,0,1,0,0.0
3x3,1997,1,1,0,0.0
3x3,1998,0,1,0,0.0
3x3,1998,1,1,0,0.0
3x3,1999,0,1,0,0.0
3x3,1999,1,1,0,0.0
3x3,2000,0,1,0,0.0
3x3,2000,1,1,0,0.0
3x3,2001,0,1,1,0.3333333333333333
3x3,2001,1,1,0,0.0
3x3,2002,0,1,0,0.0
3x3,2002,1,1,0,0.0
3x3,2003,0,1,0,0.0
3x3,2003,1,1,0,0.0
3x3,2004,0,1,0,0.0
3x3,2004,1,1,0,0.0
3x3,2005,0,1,0,0.0
3x3,2005,1,1,0,0.0
3x3,2006,0,1,0,0.0
3x3,2006,1,1,0,0.0
3x3,2007,0,1,1,0.3333333333333333
3x3,2007,1,1,0,0.0
3x3,2008,0,1,0,0.0
3x3,2008,1,1,0,0.0
3x3,2009,0,1,1,0.3333333333333333
3x3,2009,1,1,0,0.0
3x3,2010,0,1,1,0.3333333333333333
3x3,2010,1,1,0,0.0
3x3,2011,0,1,0,0.0
3x3,2011,1,1,0,0.0
3x3,2012,0,1,0,0.0
3x3,2012,1,1,0,0.0
3x3,2013,0,1,0,0.0
3x3,2013,1,1,0,0.0
3x3,2014,0,1,0,0.0
3x3,2014,1,1,1,0.3333333333333333
3x3,2015,0,1,0,0.0
3x3,2015,1,1,0,0.0
3x3,2016,0,1,0,0.0
3x3,2016,1,1,0,0.0
3x3,2017,0,1,0,0.0
3x3,2017,1,1,0,0.0
3x3,2018,0,1,0,0.0
3x3,2018,1,1,1,0.3333333333333333
3x3,2019,0,1,0,0.0
3x3,2019,1,1,0,0.0
3x3,2020,0,1,0,0.0
3x3,2020,1,1,0,0.0
3x3,2021,0,1,1,0.3333333333333333
3x3,2021,1,1,0,0.0
3x3,2022,0,1,0,0.0
3x3,2022,1,1,0,0.0
3x3,2023,0,1,0,0.0
3x3,2023,1,1,0,0.0
3x3,2024,0,1,0,0.0
3x3,2024,1,1,0,0.0
3x3,2025,0,1,0,0.0
3x3,2025,1,1,0,0.0
3x3,2026,0,1,1,0.3333333333333333
3x3,2026,1,1,0,0.0
3x3,2027,0,1,1,0.3333333333333333
3x3,2027,1,1,0,0.0
3x3,2028,0,1,1,0.3333333333333333
3x3,2028,1,1,0,0.0
3x3,2029,0,1,0,0.0
3x3,2029,1,1,0,0.0
3x3,2030,0,1,0,0.0
3x3,2030,1,1,0,0.0
3x3,2031,0,1,0,0.0
3x3,2031,1,1,1,0.3333333333333333
3x3,2032,0,1,0,0.0
3x3,2032,1,1,0,0.0
3x3,2033,0,1,0,0.0
3x3,2033,1,1,0,0.0
3x3,2034,0,1,0,0.0
3x3,2034,1,1,1,0.3333333333333333
3x3,2035,0,1,0,0.0
3x3,2035,1,1,0,0.0
3x3,2036,0,1,0,0.0
3x3,2036,1,1,0,0.0
3x3,2037,0,1,0,0.0
3x3,2037,1,1,0,0.0
3x3,2038,0,1,0,0.0
3x3,2038,1,1,1,0.3333333333333333
3x3,2039,0,1,0,0.0
3x3,2039,1,1,0,0.0
3x3,2040,0,1,0,0.0
3x3,2040,1,1,0,0.0
3x3,2041,0,1,0,0.0
3x3,2041,1,1,0,0.0
3x3,2042,0,1,0,0.0
3x3,2042,1,1,1,0.3333333333333333
3x3,2043,0,1,0,0.0
3x3,2043,1,1,0,0.0
3x3,2044,0,1,0,0.0
3x3,2044,1,1,0,0.0
3x3,2045,0,1,0,0.0
3x3,2045,1,1,0,0.0
3x3,2046,0,1,0,0.0
3x3,2046,1,1,0,0.0
3x3,2047,0,1,0,0.0
3x3,2047,1,1,0,0.0
3x3,2048,0,1,0,0.0
3x3,2048,1,1,1,0.3333333333333333
3x3,2049,0,1,0,0.0
3x3,2049,1,1,0,0.0
3x3,2050,0,1,0,0.0
3x3,2050,1,1,0,0.0
3x3,2051,0,1,0,0.0
3x3,2051,1,1,1,0.3333333333333333
3x3,2052,0,1,0,0.0
3x3,2052,1,1,0,0.0
3x3,2053,0,1,0,0.0
3x3,2053,1,1,0,0.0
3x3,2054,0,1,0,0.0
3x3,2054,1,1,1,0.3333333333333333
3x3,2055,0,1,0,0.0
3x3,2055,1,1,0,0.0
3x3,2056,0,1,0,0.0
3x3,2056,1,1,0,0.0
3x3,2057,0,1,0,0.0
3x3,2057,1,1,1,0.3333333333333333
3x3,2058,0,1,0,0.0
3x3,2058,1,1,0,0.0
3x3,2059,0,1,0,0.0
3x3,2059,1,1,0,0.0
3x3,2060,0,1,0,0.0
3x3,2060,1,1,0,0.0
3x3,2061,0,1,0,0.0
3x3,2061,1,1,1,0.3333333333333333
3x3,2062,0,1,0,0.0
3x3,2062,1,1,0,0.0
3x3,2063,0,1,0,0.0
3x3,2063,1,1,1,0.3333333333333333
3x3,2064,0,1,0,0.0
3x3,2064,1,1,0,0.0
3x3,2065,0,1,0,0.0
3x3,2065,1,1,0,0.0
3x3,2066,0,1,0,0.0
3x3,2066,1,1,0,0.0
3x3,2067,0,1,0,0.0
3x3,2067,1,1,0,0.0
3x3,2068,0,1,0,0.0
3x3,2068,1,1,0,0.0
3x3,2069,0,1,0,0.0
3x3,2069,1,1,0,0.0
3x3,2070,0,1,0,0.0
3x3,2070,1,1,0,0.0
3x3,2071,0,1,0,0.0
3x3,2071,1,1,0,0.0
3x3,2072,0,1,0,0.0
3x3,2072,1,1,0,0.0
3x3,2073,0,1,0,0.0
3x3,2073,1,1,0,0.0
3x3,2074,0,1,0,0.0
3x3,2074,1,1,0,0.0
3x3,2075,0,1,0,0.0
3x3,2075,1,1,0,0.0
3x3,2076,0,1,0,0.0
3x3,2076,1,1,0,0.0
3x3,2077,0,1,0,0.0
3x3,2077,1,1,0,0.0
3x3,2078,0,1,0,0.0
3x3,2078,1,1,0,0.0
3x3,2079,0,1,0,0.0
3x3,2079,1,1,0,0.0
3x3,2080,0,1,0,0.0
3x3,2080,1,1,0,0.0
3x3,2081,0,1,0,0.0
3x3,2081,1,1,0,0.0
3x3,2082,0,1,0,0.0
3x3,2082,1,1,0,0.0
3x3,2083,0,1,0,0.0
3x3,2083,1,1,0,0.0
3x3,2084,0,1,0,0.0
3x3,2084,1,1,0,0.0
3x3,2085,0,1,0,0.0
3x3,2085,1,1,0,0.0
3x3,2086,0,1,0,0.0
3x3,2086,1,1,0,0.0
3x3,2087,0,1,0,0.0
3x3,2087,1,1,0,0.0
3x3,2088,0,1,0,0.0
3x3,2088,1,1,0,0.0
3x3,2089,0,1,0,0.0
3x3,2089,1,1,0,0.0
3x3,2090,0,1,0,0.0
3x3,2090,1,1,0,0.0
3x3,2091,0,1,0,0.0
3x3,2091,1,1,0,0.0
3x3,2092,0,1,0,0.0
3x3,2092,1,1,0,0.0
3x3,2093,0,1,0,0.0
3x3,2093,1,1,0,0.0
3x3,2094,0,1,0,0.0
3x3,2094,1,1,0,0.0
3x3,2095,0,1,0,0.0
3x3,2095,1,1,0,0.0
3x3,2096,0,1,0,0.0
3x3,2096,1,1,0,0.0
3x3,2097,0,1,0,0.0
3x3,2097,1,1,0,0.0
3x3,2098,0,1,0,0.0
3x3,2098,1,1,0,0.0
3x3,2099,0,1,0,0.0
3x3,2099,1,1,0,0.0
3x3,2100,0,1,0,0.0
3x3,2100,1,1,0,0.0
3x3,2101,0,1,0,0.0
3x3,2101,1,1,0,0.0
3x3,2102,0,1,0,0.0
3x3,2102,1,1,0,0.0
3x3,2103,0,1,0,0.0
3x3,2103,1,1,0,0.0
3x3,2104,0,1,0,0.0
3x3,2104,1,1,0,0.0
3x3,2105,0,1,0,0.0
3x3,2105,1,1,0,0.0
3x3,2106,0,1,0,0.0
3x3,2106,1,1,0,0.0
3x3,2107,0,1,0,0.0
3x3,2107,1,1,0,0.0
3x3,2108,0,1,0,0.0
3x3,2108,1,1,0,0.0
3x3,2109,0,1,0,0.0
3x3,2109,1,1,0,0.0
3x3,2110,0,1,0,0.0
3x3,2110,1,1,0,0.0
3x3,2111,0,1,0,0.0
3x3,2111,1,1,0,0.0
3x3,2112,0,1,0,0.0
3x3,2112,1,1,0,0.0
3x3,2113,0,1,1,0.3333333333333333
3x3,2113,1,1,0,0.0
3x3,2114,0,1,1,0.3333333333333333
3x3,2114,1,1,0,0.0
3x3,2115,0,1,1,0.3333333333333333
3x3,2115,1,1,0,0.0
3x3,2116,0,1,0,0.0
3x3,2116,1,1,0,0.0
3x3,2117,0,1,0,0.0
3x3,2117,1,1,0,0.0
3x3,2118,0,1,0,0.0
3x3,2118,1,1,0,0.0
3x3,2119,0,1,0,0.0
3x3,2119,1,1,0,0.0
3x3,2120,0,1,1,0.3333333333333333
3x3,2120,1,1,0,0.0
3x3,2121,0,1,1,0.3333333333333333
3x3,2121,1,1,0,0.0
3x3,2122,0,1,1,0.3333333333333333
3x3,2122,1,1,0,0.0
3x3,2123,0,1,0,0.0
3x3,2123,1,1,0,0.0
3x3,2124,0,1,0,0.0
3x3,2124,1,1,0,0.0
3x3,2125,0,1,0,0.0
3x3,2125,1,1,0,0.0
3x3,2126,0,1,1,0.3333333333333333
3x3,2126,1,1,0,0.0
3x3,2127,0,1,1,0.3333333333333333
3x3,2127,1,1,0,0.0
3x3,2128,0,1,1,0.3333333333333333
3x3,2128,1,1,0,0.0
3x3,2129,0,1,0,0.0
3x3,2129,1,1,0,0.0
3x3,2130,0,1,1,0.3333333333333333
3x3,2130,1,1,0,0.0
3x3,2131,0,1,1,0.3333333333333333
3x3,2131,1,1,0,0.0
3x3,2132,0,1,1,0.3333333333333333
3x3,2132,1,1,0,0.0
3x3,2133,0,1,1,0.3333333333333333
3x3,2133,1,1,0,0.0
3x3,2134,0,1,0,0.0
3x3,2134,1,1,0,0.0
3x3,2135,0,1,0,0.0
3x3,2135,1,1,0,0.0
3x3,2136,0,1,1,0.3333333333333333
3x3,2136,1,1,0,0.0
3x3,2137,0,1,1,0.3333333333333333
3x3,2137,1,1,0,0.0
3x3,2138,0,1,1,0.3333333333333333
3x3,2138,1,1,0,0.0
3x3,2139,0,1,1,0.3333333333333333
3x3,2139,1,1,0,0.0
3x3,2140,0,1,2,0.6666666666666666
3x3,2140,1,1,0,0.0
3x3,2141,0,1,1,0.3333333333333333
3x3,2141,1,1,0,0.0
3x3,2142,0,1,0,0.0
3x3,2142,1,1,0,0.0
3x3,2143,0,1,1,0.3333333333333333
3x3,2143,1,1,0,0.0
3x3,2144,0,1,1,0.3333333333333333
3x3,2144,1,1,0,0.0
3x3,2145,0,1,1,0.3333333333333333
3x3,2145,1,1,0,0.0
3x3,2146,0,1,1,0.3333333333333333
3x3,2146,1,1,0,0.0
3x3,2147,0,1,1,0.3333333333333333
3x3,2147,1,1,0,0.0
3x3,2148,0,1,1,0.3333333333333333
3x3,2148,1,1,0,0.0
3x3,2149,0,1,0,0.0
3x3,2149,1,1,0,0.0
3x3,2150,0,1,0,0.0
3x3,2150,1,1,0,0.0
3x3,2151,0,1,1,0.3333333333333333
3x3,2151,1,1,0,0.0
3x3,2152,0,1,0,0.0
3x3,2152,1,1,0,0.0
3x3,2153,0,1,0,0.0
3x3,2153,1,1,0,0.0
3x3,2154,0,1,0,0.0
3x3,2154,1,1,0,0.0
3x3,2155,0,1,1,0.3333333333333333
3x3,2155,1,1,0,0.0
3x3,2156,0,1,0,0.0
3x3,2156,1,1,0,0.0
3x3,2157,0,1,0,0.0
3x3,2157,1,1,0,0.0
3x3,2158,0,1,0,0.0
3x3,2158,1,1,0,0.0
3x3,2159,0,1,0,0.0
3x3,2159,1,1,0,0.0
3x3,2160,0,1,0,0.0
3x3,2160,1,1,0,0.0
3x3,2161,0,1,0,0.0
3x3,2161,1,1,1,0.3333333333333333
3x3,2162,0,1,0,0.0
3x3,2162,1,1,0,0.0
3x3,2163,0,1,0,0.0
3x3,2163,1,1,0,0.0
3x3,2164,0,1,0,0.0
3x3,2164,1,1,1,0.3333333333333333
3x3,2165,0,1,0,0.0
3x3,2165,1,1,0,0.0
3x3,2166,0,1,1,0.3333333333333333
3x3,2166,1,1,0,0.0
3x3,2167,0,1,1,0.3333333333333333
3x3,2167,1,1,0,0.0
3x3,2168,0,1,1,0.3333333333333333
3x3,2168,1,1,0,0.0
3x3,2169,0,1,1,0.3333333333333333
3x3,2169,1,1,0,0.0
3x3,2170,0,1,1,0.3333333333333333
3x3,2170,1,1,0,0.0
3x3,2171,0,1,1,0.3333333333333333
3x3,2171,1,1,0,0.0
3x3,2172,0,1,0,0.0
3x3,2172,1,1,0,0.0
3x3,2173,0,1,0,0.0
3x3,2173,1,1,0,0.0
3x3,2174,0,1,0,0.0
3x3,2174,1,1,1,0.3333333333333333
3x3,2175,0,1,0,0.0
3x3,2175,1,1,0,0.0
3x3,2176,0,1,0,0.0
3x3,2176,1,1,1,0.3333333333333333
3x3,2177,0,1,0,0.0
3x3,2177,1,1,0,0.0
3x3,2178,0,1,0,0.0
3x3,2178,1,1,0,0.0
3x3,2179,0,1,0,0.0
3x3,2179,1,1,0,0.0
3x3,2180,0,1,0,0.0
3x3,2180,1,1,0,0.0
3x3,2181,0,1,0,0.0
3x3,2181,1,1,0,0.0
3x3,2182,0,1,0,0.0
3x3,2182,1,1,0,0.0
3x3,2183,0,1,0,0.0
3x3,2183,1,1,0,0.0
3x3,2184,0,1,0,0.0
3x3,2184,1,1,0,0.0
3x3,2185,0,1,0,0.0
3x3,2185,1,1,0,0.0
3x3,2186,0,1,0,0.0
3x3,2186,1,1,0,0.0
3x3,2187,0,1,0,0.0
3x3,2187,1,1,0,0.0
3x3,2188,0,1,0,0.0
3x3,2188,1,1,0,0.0
3x3,2189,0,1,0,0.0
3x3,2189,1,1,0,0.0
3x3,2190,0,1,0,0.0
3x3,2190,1,1,0,0.0
3x3,2191,0,1,0,0.0
3x3,2191,1,1,0,0.0
3x3,2192,0,1,0,0.0
3x3,2192,1,1,0,0.0
3x3,2193,0,1,0,0.0
3x3,2193,1,1,0,0.0
3x3,2194,0,1,0,0.0
3x3,2194,1,1,0,0.0
3x3,2195,0,1,0,0.0
3x3,2195,1,1,0,0.0
3x3,2196,0,1,0,0.0
3x3,2196,1,1,0,0.0
3x3,2197,0,1,0,0.0
3x3,2197,1,1,0,0.0
3x3,2198,0,1,0,0.0
3x3,2198,1,1,0,0.0
3x3,2199,0,1,0,0.0
3x3,2199,1,1,0,0.0
3x3,2200,0,1,0,0.0
3x3,2200,1,1,0,0.0
3x3,2201,0,1,0,0.0
3x3,2201,1,1,0,0.0
3x3,2202,0,1,0,0.0
3x3,2202,1,1,0,0.0
3x3,2203,0,1,0,0.0
3x3,2203,1,1,0,0.0
3x3,2204,0,1,0,0.0
3x3,2204,1,1,0,0.0
3x3,2205,0,1,0,0.0
3x3,2205,1,1,0,0.0
3x3,2206,0,1,0,0.0
3x3,2206,1,1,0,0.0
3x3,2207,0,1,0,0.0
3x3,2207,1,1,0,0.0
3x3,2208,0,1,0,0.0
3x3,2208,1,1,0,0.0
3x3,2209,0,1,0,0.0
3x3,2209,1,1,0,0.0
3x3,2210,0,1,0,0.0
3x3,2210,1,1,0,0.0
3x3,2211,0,1,0,0.0
3x3,2211,1,1,0,0.0
3x3,2212,0,1,0,0.0
3x3,2212,1,1,0,0.0
3x3,2213,0,1,0,0.0
3x3,2213,1,1,0,0.0
3x3,2214,0,1,0,0.0
3x3,2214,1,1,0,0.0
3x3,2215,0,1,0,0.0
3x3,2215,1,1,0,0.0
3x3,2216,0,1,0,0.0
3x3,2216,1,1,0,0.0
3x3,2217,0,1,0,0.0
3x3,2217,1,1,0,0.0
3x3,2218,0,1,0,0.0
3x3,2218,1,1,0,0.0
3x3,2219,0,1,0,0.0
3x3,2219,1,1,0,0.0
3x3,2220,0,1,0,0.0
3x3,2220,1,1,0,0.0
3x3,2221,0,1,0,0.0
3x3,2221,1,1,0,0.0
3x3,2222,0,1,0,0.0
3x3,2222,1,1,0,0.0
3x3,2223,0,1,0,0.0
3x3,2223,1,1,0,0.0
3x3,2224,0,1,0,0.0
3x3,2224,1,1,0,0.0
3x3,2225,0,1,1,0.3333333333333333
3x3,2225,1,1,0,0.0
3x3,2226,0,1,0,0.0
3x3,2226,1,1,0,0.0
3x3,2227,0,1,0,0.0
3x3,2227,1,1,0,0.0
3x3,2228,0,1,0,0.0
3x3,2228,1,1,0,0.0
3x3,2229,0,1,0,0.0
3x3,2229,1,1,0,0.0
3x3,2230,0,1,1,0.3333333333333333
3x3,2230,1,1,0,0.0
3x3,2231,0,1,0,0.0
3x3,2231,1,1,0,0.0
3x3,2232,0,1,1,0.3333333333333333
3x3,2232,1,1,0,0.0
3x3,2233,0,1,1,0.3333333333333333
3x3,2233,1,1,0,0.0
3x3,2234,0,1,0,0.0
3x3,2234,1,1,0,0.0
3x3,2235,0,1,0,0.0
3x3,2235,1,1,0,0.0
3x3,2236,0,1,0,0.0
3x3,2236,1,1,1,0.3333333333333333
3x3,2237,0,1,0,0.0
3x3,2237,1,1,0,0.0
3x3,2238,0,1,0,0.0
3x3,2238,1,1,0,0.0
3x3,2239,0,1,0,0.0
3x3,2239,1,1,1,0.3333333333333333
3x3,2240,0,1,0,0.0
3x3,2240,1,1,0,0.0
3x3,2241,0,1,1,0.3333333333333333
3x3,2241,1,1,0,0.0
3x3,2242,0,1,0,0.0
3x3,2242,1,1,0,0.0
3x3,2243,0,1,0,0.0
3x3,2243,1,1,0,0.0
3x3,2244,0,1,0,0.0
3x3,2244,1,1,0,0.0
3x3,2245,0,1,1,0.3333333333333333
3x3,2245,1,1,0,0.0
3x3,2246,0,1,1,0.3333333333333333
3x3,2246,1,1,0,0.0
3x3,2247,0,1,1,0.3333333333333333
3x3,2247,1,1,0,0.0
3x3,2248,0,1,0,0.0
3x3,2248,1,1,0,0.0
3x3,2249,0,1,0,0.0
3x3,2249,1,1,1,0.3333333333333333
3x3,2250,0,1,0,0.0
3x3,2250,1,1,0,0.0
3x3,2251,0,1,0,0.0
3x3,2251,1,1,1,0.3333333333333333
3x3,2252,0,1,0,0.0
3x3,2252,1,1,0,0.0
3x3,2253,0,1,0,0.0
3x3,2253,1,1,0,0.0
3x3,2254,0,1,0,0.0
3x3,2254,1,1,1,0.3333333333333333
3x3,2255,0,1,0,0.0
3x3,2255,1,1,0,0.0
3x3,2256,0,1,0,0.0
3x3,2256,1,1,0,0.0
3x3,2257,0,1,0,0.0
3x3,2257,1,1,1,0.3333333333333333
3x3,2258,0,1,0,0.0
3x3,2258,1,1,0,0.0
3x3,2259,0,1,0,0.0
3x3,2259,1,1,0,0.0
3x3,2260,0,1,0,0.0
3x3,2260,1,1,0,0.0
3x3,2261,0,1,0,0.0
3x3,2261,1,1,0,0.0
3x3,2262,0,1,0,0.0
3x3,2262,1,1,1,0.3333333333333333
3x3,2263,0,1,0,0.0
3x3,2263,1,1,0,0.0
3x3,2264,0,1,0,0.0
3x3,2264,1,1,1,0.3333333333333333
3x3,2265,0,1,0,0.0
3x3,2265,1,1,0,0.0
3x3,2266,0,1,0,0.0
3x3,2266,1,1,1,0.3333333333333333
3x3,2267,0,1,0,0.0
3x3,2267,1,1,0,0.0
3x3,2268,0,1,0,0.0
3x3,2268,1,1,1,0.3333333333333333
3x3,2269,0,1,0,0.0
3x3,2269,1,1,0,0.0
3x3,2270,0,1,0,0.0
3x3,2270,1,1,0,0.0
3x3,2271,0,1,0,0.0
3x3,2271,1,1,1,0.3333333333333333
3x3,2272,0,1,0,0.0
3x3,2272,1,1,1,0.3333333333333333
3x3,2273,0,1,0,0.0
3x3,2273,1,1,0,0.0
3x3,2274,0,1,0,0.0
3x3,2274,1,1,0,0.0
3x3,2275,0,1,0,0.0
3x3,2275,1,1,0,0.0
3x3,2276,0,1,0,0.0
3x3,2276,1,1,0,0.0
3x3,2277,0,1,0,0.0
3x3,2277,1,1,0,0.0
3x3,2278,0,1,0,0.0
3x3,2278,1,1,0,0.0
3x3,2279,0,1,0,0.0
3x3,2279,1,1,0,0.0
3x3,2280,0,1,0,0.0
3x3,2280,1,1,0,0.0
3x3,2281,0,1,0,0.0
3x3,2281,1,1,0,0.0
3x3,2282,0,1,0,0.0
3x3,2282,1,1,0,0.0
3x3,2283,0,1,0,0.0
3x3,2283,1,1,0,0.0
3x3,2284,0,1,0,0.0
3x3,2284,1,1,0,0.0
3x3,2285,0,1,0,0.0
3x3,2285,1,1,0,0.0
3x3,2286,0,1,0,0.0
3x3,2286,1,1,0,0.0
3x3,2287,0,1,0,0.0
3x3,2287,1,1,0,0.0
3x3,2288,0,1,0,0.0
3x3,2288,1,1,0,0.0
3x3,2289,0,1,0,0.0
3x3,2289,1,1,0,0.0
3x3,2290,0,1,0,0.0
3x3,2290,1,1,0,0.0
3x3,2291,0,1,0,0.0
3x3,2291,1,1,0,0.0
3x3,2292,0,1,0,0.0
3x3,2292,1,1,0,0.0
3x3,2293,0,1,0,0.0
3x3,2293,1,1,0,0.0
3x3,2294,0,1,0,0.0
3x3,2294,1,1,0,0.0
3x3,2295,0,1,0,0.0
3x3,2295,1,1,0,0.0
3x3,2296,0,1,0,0.0
3x3,2296,1,1,0,0.0
3x3,2297,0,1,0,0.0
3x3,2297,1,1,0,0.0
3x3,2298,0,1,0,0.0
3x3,2298,1,1,0,0.0
3x3,2299,0,1,0,0.0
3x3,2299,1,1,0,0.0
3x3,2300,0,1,0,0.0
3x3,2300,1,1,0,0.0
3x3,2301,0,1,0,0.0
3x3,2301,1,1,0,0.0
3x3,2302,0,1,0,0.0
3x3,2302,1,1,0,0.0
3x3,2303,0,1,0,0.0
3x3,2303,1,1,0,0.0
3x3,2304,0,1,0,0.0
3x3,2304,1,1,0,0.0
