method,image,condition,loss,mse,dice,iou,beta0_error,beta1_error,topology_exact,boundary_f
Input,57,component_dropout,0.0940525744,0.0291748047,0.946122633,0.897754011,1,0,0,0.890725436
Validation best,57,component_dropout,0.0940525744,0.0291748047,0.946122633,0.897754011,1,0,0,0.890725436
Action-coordinate selector,57,component_dropout,0.0940525744,0.0291748047,0.946122633,0.897754011,1,0,0,0.890725436
Direct-output selector,57,component_dropout,0.0958433845,0.0310791016,0.942597756,0.891433007,1,0,0,0.883122103
Input,72,component_dropout,0.0838383454,0.0142211914,0.964181399,0.930840012,1,0,0,0.917475728
Validation best,72,component_dropout,0.0838383454,0.0142211914,0.964181399,0.930840012,1,0,0,0.917475728
Action-coordinate selector,72,component_dropout,0.0838383454,0.0142211914,0.964181399,0.930840012,1,0,0,0.917475728
Direct-output selector,72,component_dropout,0.0850404304,0.0151855469,0.961658364,0.926150193,1,0,0,0.917475728
Input,138,component_dropout,0.0860736072,0.0193481445,0.961156721,0.925218212,1,0,0,0.893442623
Validation best,138,component_dropout,0.0860736072,0.0193481445,0.961156721,0.925218212,1,0,0,0.893442623
Action-coordinate selector,138,component_dropout,0.0860736072,0.0193481445,0.961156721,0.925218212,1,0,0,0.893442623
Direct-output selector,138,component_dropout,0.0867252144,0.0199829102,0.959845086,0.922790705,1,0,0,0.893139871
Input,139,component_dropout,0.0508788133,0.000793457031,0.998199695,0.996405861,1,0,0,0.984542212
Validation best,139,component_dropout,0.0508788133,0.000793457031,0.998199695,0.996405861,1,0,0,0.984542212
Action-coordinate selector,139,component_dropout,0.0508788133,0.000793457031,0.998199695,0.996405861,1,0,0,0.984542212
Direct-output selector,139,component_dropout,0.0527486139,0.00247802734,0.994367479,0.988798466,1,0,0,0.979680046
Input,153,component_dropout,0.127114889,0.0711669922,0.884462941,0.792858412,1,0,0,0.796
Validation best,153,component_dropout,0.127114889,0.0711669922,0.884462941,0.792858412,1,0,0,0.796
Action-coordinate selector,153,component_dropout,0.127114889,0.0711669922,0.884462941,0.792858412,1,0,0,0.796
Direct-output selector,153,component_dropout,0.127525815,0.0716186523,0.883661455,0.791573336,1,0,0,0.794058065
Input,171,component_dropout,0.0952290356,0.0399780273,0.948583091,0.902195013,1,0,0,0.904153355
Validation best,171,component_dropout,0.0952290356,0.0399780273,0.948583091,0.902195013,1,0,0,0.904153355
Action-coordinate selector,171,component_dropout,0.0952290356,0.0399780273,0.948583091,0.902195013,1,0,0,0.904153355
Direct-output selector,171,component_dropout,0.198378335,0.0445068359,0.942974247,0.892101493,1,1,0,0.856282379
Input,260,component_dropout,0.207114803,0.0469360352,0.672347678,0.506418485,1,0,0,0.754285714
Validation best,260,component_dropout,0.207114803,0.0469360352,0.672347678,0.506418485,1,0,0,0.754285714
Action-coordinate selector,260,component_dropout,0.207114803,0.0469360352,0.672347678,0.506418485,1,0,0,0.754285714
Direct-output selector,260,component_dropout,0.211072997,0.0481933594,0.663080853,0.495977373,1,0,0,0.754285714
Input,271,component_dropout,0.0989998036,0.0314941406,0.934914228,0.877783041,1,0,0,0.858490566
Validation best,271,component_dropout,0.0989998036,0.0314941406,0.934914228,0.877783041,1,0,0,0.858490566
Action-coordinate selector,271,component_dropout,0.0989998036,0.0314941406,0.934914228,0.877783041,1,0,0,0.858490566
Direct-output selector,271,component_dropout,0.100349142,0.032800293,0.932193959,0.873001134,1,0,0,0.856869488
Input,357,component_dropout,0.0711212561,0.01171875,0.953056235,0.910322279,1,0,0,0.912121212
Validation best,357,component_dropout,0.0711212561,0.01171875,0.953056235,0.910322279,1,0,0,0.912121212
Action-coordinate selector,357,component_dropout,0.0711212561,0.01171875,0.953056235,0.910322279,1,0,0,0.912121212
Direct-output selector,357,component_dropout,0.072132145,0.0122558594,0.950797567,0.90621205,1,0,0,0.912121212
Input,413,component_dropout,0.0619040238,0.00311279297,0.993307965,0.986704901,1,4,0,0.973184358
Validation best,413,component_dropout,0.229418954,0.00762939453,0.983755686,0.968030691,1,39,0,0.940634006
Action-coordinate selector,413,component_dropout,0.213495376,0.00573730469,0.987734864,0.97576695,1,36,0,0.966835301
Direct-output selector,413,component_dropout,0.336559194,0.0202636719,0.957105943,0.917740337,3,42,0,0.852684145
Input,415,component_dropout,0.0778474218,0.0122070312,0.978151628,0.957237545,1,0,0,0.931182796
Validation best,415,component_dropout,0.0778474218,0.0122070312,0.978151628,0.957237545,1,0,0,0.931182796
Action-coordinate selector,415,component_dropout,0.0778474218,0.0122070312,0.978151628,0.957237545,1,0,0,0.931182796
Direct-output selector,415,component_dropout,0.0790174239,0.0134887695,0.975867492,0.952876097,1,0,0,0.927002973
Input,421,component_dropout,0.0835048118,0.0153198242,0.965564549,0.933421751,1,0,0,0.909589041
Validation best,421,component_dropout,0.0835048118,0.0153198242,0.965564549,0.933421751,1,0,0,0.909589041
Action-coordinate selector,421,component_dropout,0.0835048118,0.0153198242,0.965564549,0.933421751,1,0,0,0.909589041
Direct-output selector,421,component_dropout,0.0839877713,0.0157592773,0.964576877,0.931578526,1,0,0,0.908990736
Input,465,component_dropout,0.0703860255,0.00500488281,0.993204044,0.986499835,1,0,0,0.963031423
Validation best,465,component_dropout,0.17083708,0.00561523438,0.992381583,0.984878369,1,1,0,0.941509434
Action-coordinate selector,465,component_dropout,0.0703860255,0.00500488281,0.993204044,0.986499835,1,0,0,0.963031423
Direct-output selector,465,component_dropout,0.171696682,0.00677490234,0.990812413,0.98179259,1,1,0,0.941509434
Input,479,component_dropout,0.0685512185,0.00189208984,0.996234665,0.99249758,1,0,0,0.968844221
Validation best,479,component_dropout,0.0685512185,0.00189208984,0.996234665,0.99249758,1,0,0,0.968844221
Action-coordinate selector,479,component_dropout,0.0685512185,0.00189208984,0.996234665,0.99249758,1,0,0,0.968844221
Direct-output selector,479,component_dropout,0.0708976375,0.00424804687,0.991546596,0.983236125,1,0,0,0.959639063
Input,537,component_dropout,0.0753290577,0.00933837891,0.983013212,0.966593886,1,0,0,0.95475819
Validation best,537,component_dropout,0.225608249,0.00964355469,0.982467821,0.965539804,1,3,0,0.94488189
Action-coordinate selector,537,component_dropout,0.225608249,0.00964355469,0.982467821,0.965539804,1,3,0,0.94488189
Direct-output selector,537,component_dropout,0.227834544,0.0120605469,0.978110579,0.957164799,1,3,0,0.933952714
Input,672,component_dropout,0.0819466444,0.0118408203,0.967720466,0.937459703,1,0,0,0.905775076
Validation best,672,component_dropout,0.0819466444,0.0118408203,0.967720466,0.937459703,1,0,0,0.905775076
Action-coordinate selector,672,component_dropout,0.0819466444,0.0118408203,0.967720466,0.937459703,1,0,0,0.905775076
Direct-output selector,672,component_dropout,0.0825622377,0.0123046875,0.966413416,0.935009671,1,0,0,0.905775076
Input,753,component_dropout,0.132320042,0.0723876953,0.87206041,0.773144606,1,0,0,0.83143508
Validation best,753,component_dropout,0.232369874,0.0724487305,0.871966347,0.772996749,1,1,0,0.820689655
Action-coordinate selector,753,component_dropout,0.232369874,0.0724487305,0.871966347,0.772996749,1,1,0,0.820689655
Direct-output selector,753,component_dropout,0.233313597,0.073449707,0.870107527,0.770080631,1,1,0,0.819057392
Input,805,component_dropout,0.165460843,0.0692749023,0.787652011,0.649691358,1,0,0,0.777464789
Validation best,805,component_dropout,0.165460843,0.0692749023,0.787652011,0.649691358,1,0,0,0.777464789
Action-coordinate selector,805,component_dropout,0.165460843,0.0692749023,0.787652011,0.649691358,1,0,0,0.777464789
Direct-output selector,805,component_dropout,0.166898667,0.0704345703,0.784637285,0.645599833,1,0,0,0.764563217
Input,812,component_dropout,0.0721978539,0.001953125,0.987148594,0.974623315,1,0,0,0.917098446
Validation best,812,component_dropout,0.0721978539,0.001953125,0.987148594,0.974623315,1,0,0,0.917098446
Action-coordinate selector,812,component_dropout,0.0721978539,0.001953125,0.987148594,0.974623315,1,0,0,0.917098446
Direct-output selector,812,component_dropout,0.072685637,0.00212402344,0.986014586,0.97241603,1,0,0,0.917098446
Input,848,component_dropout,0.0691960018,0.00347900391,0.995416164,0.990874159,1,0,0,0.962739174
Validation best,848,component_dropout,0.0691960018,0.00347900391,0.995416164,0.990874159,1,0,0,0.962739174
Action-coordinate selector,848,component_dropout,0.0691960018,0.00347900391,0.995416164,0.990874159,1,0,0,0.962739174
Direct-output selector,848,component_dropout,0.173254551,0.00909423828,0.988077409,0.97643699,1,1,0,0.88527356
Input,880,component_dropout,0.0824549021,0.0228271484,0.971942986,0.945417396,1,0,0,0.91902834
Validation best,880,component_dropout,0.0824549021,0.0228271484,0.971942986,0.945417396,1,0,0,0.91902834
Action-coordinate selector,880,component_dropout,0.0824549021,0.0228271484,0.971942986,0.945417396,1,0,0,0.91902834
Direct-output selector,880,component_dropout,0.0831622764,0.0238525391,0.970687245,0.94304445,1,0,0,0.917712756
Input,888,component_dropout,0.100773308,0.0573120117,0.943389401,0.892844916,1,0,0,0.876106195
Validation best,888,component_dropout,0.200808264,0.0573730469,0.94333253,0.89274304,1,1,0,0.876106195
Action-coordinate selector,888,component_dropout,0.200808264,0.0573730469,0.94333253,0.89274304,1,1,0,0.876106195
Direct-output selector,888,component_dropout,0.201134119,0.0579345703,0.942798655,0.89178737,1,1,0,0.872711667
Input,987,component_dropout,0.0752302169,0.00915527344,0.983168761,0.966894725,1,0,0,0.941422594
Validation best,987,component_dropout,0.225455477,0.00939941406,0.982727681,0.966041896,1,3,0,0.935856993
Action-coordinate selector,987,component_dropout,0.225455477,0.00939941406,0.982727681,0.966041896,1,3,0,0.935856993
Direct-output selector,987,component_dropout,0.226062021,0.0100585938,0.981540911,0.963754979,1,3,0,0.917654546
Input,1017,component_dropout,0.19630627,0.0684204102,0.710111197,0.550521251,1,0,0,0.697588126
Validation best,1017,component_dropout,0.19630627,0.0684204102,0.710111197,0.550521251,1,0,0,0.697588126
Action-coordinate selector,1017,component_dropout,0.19630627,0.0684204102,0.710111197,0.550521251,1,0,0,0.697588126
Direct-output selector,1017,component_dropout,0.196894525,0.0686767578,0.708768732,0.548909627,1,0,0,0.697588126
Input,1027,component_dropout,0.06769207,0.0009765625,0.997924773,0.995858141,1,0,0,0.984732824
Validation best,1027,component_dropout,0.06769207,0.0009765625,0.997924773,0.995858141,1,0,0,0.984732824
Action-coordinate selector,1027,component_dropout,0.06769207,0.0009765625,0.997924773,0.995858141,1,0,0,0.984732824
Direct-output selector,1027,component_dropout,0.0692538852,0.00246582031,0.994764864,0.989605541,1,0,0,0.978143502
Input,1038,component_dropout,0.205700654,0.08203125,0.693430657,0.530726257,1,0,0,0.644216691
Validation best,1038,component_dropout,0.205700654,0.08203125,0.693430657,0.530726257,1,0,0,0.644216691
Action-coordinate selector,1038,component_dropout,0.205700654,0.08203125,0.693430657,0.530726257,1,0,0,0.644216691
Direct-output selector,1038,component_dropout,0.206825358,0.0825683594,0.690887451,0.527752571,1,0,0,0.644216691
Input,1039,component_dropout,0.0678641411,0.00103759766,0.997525113,0.995062446,1,0,0,0.977893368
Validation best,1039,component_dropout,0.0678641411,0.00103759766,0.997525113,0.995062446,1,0,0,0.977893368
Action-coordinate selector,1039,component_dropout,0.0678641411,0.00103759766,0.997525113,0.995062446,1,0,0,0.977893368
Direct-output selector,1039,component_dropout,0.0684010809,0.00150146484,0.996414697,0.992856921,1,0,0,0.977893368
Input,1044,component_dropout,0.0777221337,0.0101318359,0.97742725,0.955851064,1,0,0,0.925659472
Validation best,1044,component_dropout,0.0777221337,0.0101318359,0.97742725,0.955851064,1,0,0,0.925659472
Action-coordinate selector,1044,component_dropout,0.0777221337,0.0101318359,0.97742725,0.955851064,1,0,0,0.925659472
Direct-output selector,1044,component_dropout,0.0782542011,0.0106201172,0.976341223,0.953782335,1,0,0,0.924363525
Input,1056,component_dropout,0.074188567,0.00610351562,0.984247007,0.96898263,1,0,0,0.93544458
Validation best,1056,component_dropout,0.074188567,0.00610351562,0.984247007,0.96898263,1,0,0,0.93544458
Action-coordinate selector,1056,component_dropout,0.074188567,0.00610351562,0.984247007,0.96898263,1,0,0,0.93544458
Direct-output selector,1056,component_dropout,0.0751564253,0.00688476562,0.982217986,0.965064009,1,0,0,0.933613649
Input,1072,component_dropout,0.0800902503,0.0161132812,0.974497682,0.950263753,1,0,0,0.926356589
Validation best,1072,component_dropout,0.0800902503,0.0161132812,0.974497682,0.950263753,1,0,0,0.926356589
Action-coordinate selector,1072,component_dropout,0.0800902503,0.0161132812,0.974497682,0.950263753,1,0,0,0.926356589
Direct-output selector,1072,component_dropout,0.0815915815,0.0179443359,0.971659881,0.94488189,1,0,0,0.911377313
Input,1074,component_dropout,0.0928896808,0.0239868164,0.946435873,0.898318241,1,0,0,0.880769231
Validation best,1074,component_dropout,0.226350596,0.0241088867,0.946177953,0.897853633,1,2,0,0.87753134
Action-coordinate selector,1074,component_dropout,0.226350596,0.0241088867,0.946177953,0.897853633,1,2,0,0.87753134
Direct-output selector,1074,component_dropout,0.228119948,0.02578125,0.942590754,0.891424992,1,2,0,0.86251796
Input,1083,component_dropout,0.0460491809,0.00408935547,0.986921726,0.974181118,1,0,0,0.936915888
Validation best,1083,component_dropout,0.0460491809,0.00408935547,0.986921726,0.974181118,1,0,0,0.936915888
Action-coordinate selector,1083,component_dropout,0.0460491809,0.00408935547,0.986921726,0.974181118,1,0,0,0.936915888
Direct-output selector,1083,component_dropout,0.0475140647,0.00506591797,0.983747797,0.968015414,1,0,0,0.936915888
Input,1172,component_dropout,0.0750664396,0.0146484375,0.986324786,0.97301855,1,0,0,0.923222749
Validation best,1172,component_dropout,0.0750664396,0.0146484375,0.986324786,0.97301855,1,0,0,0.923222749
Action-coordinate selector,1172,component_dropout,0.0750664396,0.0146484375,0.986324786,0.97301855,1,0,0,0.923222749
Direct-output selector,1172,component_dropout,0.0754604046,0.0153320312,0.985681671,0.97176772,1,0,0,0.923222749
Input,1194,component_dropout,0.0925565491,0.0220947266,0.946322657,0.89811427,1,0,0,0.847631242
Validation best,1194,component_dropout,0.0925565491,0.0220947266,0.946322657,0.89811427,1,0,0,0.847631242
Action-coordinate selector,1194,component_dropout,0.0925565491,0.0220947266,0.946322657,0.89811427,1,0,0,0.847631242
Direct-output selector,1194,component_dropout,0.0929720885,0.0224487305,0.945460811,0.896564917,1,0,0,0.846744046
Input,1200,component_dropout,0.0696632978,0.00274658203,0.993881713,0.987837838,1,0,0,0.939434724
Validation best,1200,component_dropout,0.0696632978,0.00274658203,0.993881713,0.987837838,1,0,0,0.939434724
Action-coordinate selector,1200,component_dropout,0.0696632978,0.00274658203,0.993881713,0.987837838,1,0,0,0.939434724
Direct-output selector,1200,component_dropout,0.0703563787,0.00338134766,0.992466394,0.985047079,1,0,0,0.939148857
Input,1211,component_dropout,0.0679009965,0.00146484375,0.997646597,0.995304246,1,0,0,0.971631206
Validation best,1211,component_dropout,0.0679009965,0.00146484375,0.997646597,0.995304246,1,0,0,0.971631206
Action-coordinate selector,1211,component_dropout,0.0679009965,0.00146484375,0.997646597,0.995304246,1,0,0,0.971631206
Direct-output selector,1211,component_dropout,0.0684357058,0.00209960937,0.996627207,0.993277567,1,0,0,0.971631206
Input,1217,component_dropout,0.0854039956,0.0197143555,0.963013855,0.928666078,1,0,0,0.888297872
Validation best,1217,component_dropout,0.0854039956,0.0197143555,0.963013855,0.928666078,1,0,0,0.888297872
Action-coordinate selector,1217,component_dropout,0.0854039956,0.0197143555,0.963013855,0.928666078,1,0,0,0.888297872
Direct-output selector,1217,component_dropout,0.0859862123,0.0203125,0.961857386,0.926517747,1,0,0,0.888297872
Input,1221,component_dropout,0.0692635173,0.00476074219,0.995888245,0.991810164,1,0,0,0.967272727
Validation best,1221,component_dropout,0.0692635173,0.00476074219,0.995888245,0.991810164,1,0,0,0.967272727
Action-coordinate selector,1221,component_dropout,0.0692635173,0.00476074219,0.995888245,0.991810164,1,0,0,0.967272727
Direct-output selector,1221,component_dropout,0.0697562313,0.0056640625,0.99510812,0.990264838,1,0,0,0.964053218
Input,1237,component_dropout,0.0681922724,0.00207519531,0.997223583,0.994462541,1,0,0,0.972222222
Validation best,1237,component_dropout,0.0681922724,0.00207519531,0.997223583,0.994462541,1,0,0,0.972222222
Action-coordinate selector,1237,component_dropout,0.0681922724,0.00207519531,0.997223583,0.994462541,1,0,0,0.972222222
Direct-output selector,1237,component_dropout,0.0686774652,0.002734375,0.996340191,0.992707171,1,0,0,0.972222222
Input,1275,component_dropout,0.126274089,0.0294799805,0.865721435,0.763235294,1,0,0,0.741312741
Validation best,1275,component_dropout,0.126274089,0.0294799805,0.865721435,0.763235294,1,0,0,0.741312741
Action-coordinate selector,1275,component_dropout,0.126274089,0.0294799805,0.865721435,0.763235294,1,0,0,0.741312741
Direct-output selector,1275,component_dropout,0.127539104,0.030090332,0.862864073,0.758804878,1,0,0,0.740338902
Input,1303,component_dropout,0.0677105518,0.00134277344,0.998061674,0.996130848,1,0,0,0.977035491
Validation best,1303,component_dropout,0.0677105518,0.00134277344,0.998061674,0.996130848,1,0,0,0.977035491
Action-coordinate selector,1303,component_dropout,0.0677105518,0.00134277344,0.998061674,0.996130848,1,0,0,0.977035491
Direct-output selector,1303,component_dropout,0.0683181929,0.00212402344,0.996933196,0.993885606,1,0,0,0.97575009
Input,1375,component_dropout,0.085500724,0.00537109375,0.955600404,0.914975845,1,0,0,0.895027624
Validation best,1375,component_dropout,0.085500724,0.00537109375,0.955600404,0.914975845,1,0,0,0.895027624
Action-coordinate selector,1375,component_dropout,0.085500724,0.00537109375,0.955600404,0.914975845,1,0,0,0.895027624
Direct-output selector,1375,component_dropout,0.0874663279,0.00592041016,0.950961052,0.906526918,1,0,0,0.893180874
Input,1395,component_dropout,0.108821975,0.0287475586,0.908985507,0.833156217,1,0,0,0.885799404
Validation best,1395,component_dropout,0.108821975,0.0287475586,0.908985507,0.833156217,1,0,0,0.885799404
Action-coordinate selector,1395,component_dropout,0.108821975,0.0287475586,0.908985507,0.833156217,1,0,0,0.885799404
Direct-output selector,1395,component_dropout,0.110822466,0.0300048828,0.904612943,0.825859015,1,0,0,0.882909594
Input,1420,component_dropout,0.0616530659,0.0127563477,0.977245509,0.955503513,1,0,0,0.93346574
Validation best,1420,component_dropout,0.161762578,0.012878418,0.977032764,0.955096829,1,1,0,0.932405567
Action-coordinate selector,1420,component_dropout,0.161762578,0.012878418,0.977032764,0.955096829,1,1,0,0.932405567
Direct-output selector,1420,component_dropout,0.212871492,0.0141113281,0.974876934,0.95098866,2,1,0,0.923339713
Input,1423,component_dropout,0.0672666593,0.000549316406,0.998774677,0.997552352,1,0,0,0.986175115
Validation best,1423,component_dropout,0.0672666593,0.000549316406,0.998774677,0.997552352,1,0,0,0.986175115
Action-coordinate selector,1423,component_dropout,0.0672666593,0.000549316406,0.998774677,0.997552352,1,0,0,0.986175115
Direct-output selector,1423,component_dropout,0.0682273826,0.00142822266,0.996812322,0.99364528,1,0,0,0.981782768
Input,1433,component_dropout,0.116047809,0.0264892578,0.889791772,0.801463861,1,0,0,0.836363636
Validation best,1433,component_dropout,0.116047809,0.0264892578,0.889791772,0.801463861,1,0,0,0.836363636
Action-coordinate selector,1433,component_dropout,0.116047809,0.0264892578,0.889791772,0.801463861,1,0,0,0.836363636
Direct-output selector,1433,component_dropout,0.116712615,0.0268310547,0.888300657,0.799049092,1,0,0,0.836363636
Input,1449,component_dropout,0.137987748,0.0615234375,0.852459016,0.742857143,1,0,0,0.860887097
Validation best,1449,component_dropout,0.137987748,0.0615234375,0.852459016,0.742857143,1,0,0,0.860887097
Action-coordinate selector,1449,component_dropout,0.137987748,0.0615234375,0.852459016,0.742857143,1,0,0,0.860887097
Direct-output selector,1449,component_dropout,0.138990813,0.0624389648,0.850409117,0.739755617,1,0,0,0.850862856
Input,1485,component_dropout,0.0670257166,0.000549316406,0.999377033,0.998754842,1,0,0,0.989449004
Validation best,1485,component_dropout,0.0670257166,0.000549316406,0.999377033,0.998754842,1,0,0,0.989449004
Action-coordinate selector,1485,component_dropout,0.0670257166,0.000549316406,0.999377033,0.998754842,1,0,0,0.989449004
Direct-output selector,1485,component_dropout,0.0674169637,0.00114746094,0.998697988,0.997399444,1,0,0,0.989449004
Input,1519,component_dropout,0.0676912351,0.00134277344,0.998109966,0.996227062,1,0,0,0.974117647
Validation best,1519,component_dropout,0.0676912351,0.00134277344,0.998109966,0.996227062,1,0,0,0.974117647
Action-coordinate selector,1519,component_dropout,0.0676912351,0.00134277344,0.998109966,0.996227062,1,0,0,0.974117647
Direct-output selector,1519,component_dropout,0.0683149255,0.00216064453,0.996959675,0.993937855,1,0,0,0.974117647
Input,1553,component_dropout,0.0819077803,0.0163574219,0.970075927,0.94189072,1,0,0,0.910344828
Validation best,1553,component_dropout,0.0819077803,0.0163574219,0.970075927,0.94189072,1,0,0,0.910344828
Action-coordinate selector,1553,component_dropout,0.0819077803,0.0163574219,0.970075927,0.94189072,1,0,0,0.910344828
Direct-output selector,1553,component_dropout,0.0825093516,0.0169921875,0.968889382,0.939657059,1,0,0,0.910344828
Input,1580,component_dropout,0.0672880327,0.000793457031,0.998843313,0.9976893,1,0,0,0.986125934
Validation best,1580,component_dropout,0.0672880327,0.000793457031,0.998843313,0.9976893,1,0,0,0.986125934
Action-coordinate selector,1580,component_dropout,0.0672880327,0.000793457031,0.998843313,0.9976893,1,0,0,0.986125934
Direct-output selector,1580,component_dropout,0.0677664248,0.00140380859,0.997952509,0.995913479,1,0,0,0.986125934
Input,1614,component_dropout,0.0671505274,0.0009765625,0.999278629,0.998558299,1,0,0,0.983739837
Validation best,1614,component_dropout,0.0671505274,0.0009765625,0.999278629,0.998558299,1,0,0,0.983739837
Action-coordinate selector,1614,component_dropout,0.0671505274,0.0009765625,0.999278629,0.998558299,1,0,0,0.983739837
Direct-output selector,1614,component_dropout,0.0672836652,0.00124511719,0.999080062,0.998161831,1,0,0,0.983739837
Input,1617,component_dropout,0.0678326922,0.000732421875,0.997451147,0.994915254,1,0,0,0.982035928
Validation best,1617,component_dropout,0.168317004,0.00103759766,0.996392956,0.992811839,1,1,0,0.957055215
Action-coordinate selector,1617,component_dropout,0.168317004,0.00103759766,0.996392956,0.992811839,1,1,0,0.957055215
Direct-output selector,1617,component_dropout,0.171161301,0.00281982422,0.990173326,0.980549835,1,1,0,0.949643132
Input,1637,component_dropout,0.067877593,0.00146484375,0.997705106,0.995420721,1,0,0,0.964285714
Validation best,1637,component_dropout,0.067877593,0.00146484375,0.997705106,0.995420721,1,0,0,0.964285714
Action-coordinate selector,1637,component_dropout,0.067877593,0.00146484375,0.997705106,0.995420721,1,0,0,0.964285714
Direct-output selector,1637,component_dropout,0.0681202934,0.0017578125,0.997244839,0.994504865,1,0,0,0.964285714
Input,1684,component_dropout,0.0602010843,0.0087890625,0.978891821,0.958656331,1,0,0,0.936
Validation best,1684,component_dropout,0.0602010843,0.0087890625,0.978891821,0.958656331,1,0,0,0.936
Action-coordinate selector,1684,component_dropout,0.0602010843,0.0087890625,0.978891821,0.958656331,1,0,0,0.936
Direct-output selector,1684,component_dropout,0.0617853743,0.010144043,0.975608586,0.952382962,1,0,0,0.935145382
Input,1688,component_dropout,0.0672230385,0.00048828125,0.998853211,0.997709049,1,0,0,0.98757764
Validation best,1688,component_dropout,0.167292511,0.000549316406,0.998710047,0.997423418,1,1,0,0.98757764
Action-coordinate selector,1688,component_dropout,0.167292511,0.000549316406,0.998710047,0.997423418,1,1,0,0.98757764
Direct-output selector,1688,component_dropout,0.168667526,0.0017578125,0.995876757,0.991791028,1,1,0,0.974468366
Input,1706,component_dropout,0.0706636325,0.00451660156,0.992265886,0.984650487,1,0,0,0.955654102
Validation best,1706,component_dropout,0.204104328,0.00463867188,0.992058516,0.984242173,1,2,0,0.954495006
Action-coordinate selector,1706,component_dropout,0.204104328,0.00463867188,0.992058516,0.984242173,1,2,0,0.954495006
Direct-output selector,1706,component_dropout,0.205624617,0.00637207031,0.989124492,0.978501379,1,2,0,0.922924291
Input,1710,component_dropout,0.0677326117,0.00134277344,0.998006524,0.99602098,1,0,0,0.970350404
Validation best,1710,component_dropout,0.0677326117,0.00134277344,0.998006524,0.99602098,1,0,0,0.970350404
Action-coordinate selector,1710,component_dropout,0.0677326117,0.00134277344,0.998006524,0.99602098,1,0,0,0.970350404
Direct-output selector,1710,component_dropout,0.0688563355,0.00275878906,0.995905222,0.991844803,1,0,0,0.958751404
Input,1748,component_dropout,0.0540243822,0.00323486328,0.991556476,0.983254344,1,0,0,0.953395473
Validation best,1748,component_dropout,0.0540243822,0.00323486328,0.991556476,0.983254344,1,0,0,0.953395473
Action-coordinate selector,1748,component_dropout,0.0540243822,0.00323486328,0.991556476,0.983254344,1,0,0,0.953395473
Direct-output selector,1748,component_dropout,0.105453239,0.00439453125,0.988564168,0.977386935,2,0,0,0.949526778
Input,1752,component_dropout,0.123808135,0.0531616211,0.883727139,0.791676632,1,0,0,0.841603053
Validation best,1752,component_dropout,0.224104957,0.0534667969,0.883137673,0.790731008,1,1,0,0.83044316
Action-coordinate selector,1752,component_dropout,0.224104957,0.0534667969,0.883137673,0.790731008,1,1,0,0.83044316
Direct-output selector,1752,component_dropout,0.224796491,0.0541381836,0.881744531,0.788502858,1,1,0,0.824738696
Input,1855,component_dropout,0.0699068104,0.00415039062,0.993974836,0.988021843,1,0,0,0.966949953
Validation best,1855,component_dropout,0.170001669,0.00427246094,0.993798724,0.987673886,1,1,0,0.965973535
Action-coordinate selector,1855,component_dropout,0.170001669,0.00427246094,0.993798724,0.987673886,1,1,0,0.965973535
Direct-output selector,1855,component_dropout,0.174877587,0.0105834961,0.984764447,0.969986922,1,1,0,0.877481789
Input,2103,component_dropout,0.067762794,0.00152587891,0.998022621,0.996053047,1,0,0,0.972972973
Validation best,2103,component_dropout,0.067762794,0.00152587891,0.998022621,0.996053047,1,0,0,0.972972973
Action-coordinate selector,2103,component_dropout,0.067762794,0.00152587891,0.998022621,0.996053047,1,0,0,0.972972973
Direct-output selector,2103,component_dropout,0.0681931434,0.00212402344,0.99724582,0.994507117,1,0,0,0.972972973
Input,2122,component_dropout,0.06737486,0.00109863281,0.998778833,0.997560645,1,0,0,0.98336414
Validation best,2122,component_dropout,0.06737486,0.00109863281,0.998778833,0.997560645,1,0,0,0.98336414
Action-coordinate selector,2122,component_dropout,0.06737486,0.00109863281,0.998778833,0.997560645,1,0,0,0.98336414
Direct-output selector,2122,component_dropout,0.0680676644,0.00217285156,0.997583931,0.995179724,1,0,0,0.98336414
Input,2158,component_dropout,0.0752065425,0.00817871094,0.941072999,0.888704319,1,0,0,0.884476534
Validation best,2158,component_dropout,0.0752065425,0.00817871094,0.941072999,0.888704319,1,0,0,0.884476534
Action-coordinate selector,2158,component_dropout,0.0752065425,0.00817871094,0.941072999,0.888704319,1,0,0,0.884476534
Direct-output selector,2158,component_dropout,0.0757287161,0.00834960938,0.939853014,0.886531521,1,0,0,0.884476534
Input,2169,component_dropout,0.0685588364,0.00201416016,0.996276656,0.992580935,1,0,0,0.968720379
Validation best,2169,component_dropout,0.0685588364,0.00201416016,0.996276656,0.992580935,1,0,0,0.968720379
Action-coordinate selector,2169,component_dropout,0.0685588364,0.00201416016,0.996276656,0.992580935,1,0,0,0.968720379
Direct-output selector,2169,component_dropout,0.0703494406,0.00391845703,0.992752294,0.985611983,1,0,0,0.963974318
Input,2177,component_dropout,0.0738596579,0.00457763672,0.98430634,0.969097651,1,0,0,0.943820225
Validation best,2177,component_dropout,0.0738596579,0.00457763672,0.98430634,0.969097651,1,0,0,0.943820225
Action-coordinate selector,2177,component_dropout,0.0738596579,0.00457763672,0.98430634,0.969097651,1,0,0,0.943820225
Direct-output selector,2177,component_dropout,0.0773709838,0.00677490234,0.976626658,0.954320988,1,0,0,0.926590538
Input,2179,component_dropout,0.0746482938,0.00842285156,0.984257358,0.969002695,1,0,0,0.879790941
Validation best,2179,component_dropout,0.0746482938,0.00842285156,0.984257358,0.969002695,1,0,0,0.879790941
Action-coordinate selector,2179,component_dropout,0.0746482938,0.00842285156,0.984257358,0.969002695,1,0,0,0.879790941
Direct-output selector,2179,component_dropout,0.075368261,0.0091796875,0.982835858,0.966251274,1,0,0,0.879203932
Input,2187,component_dropout,0.066945206,0.000427246094,0.999517275,0.999035015,1,0,0,0.992036405
Validation best,2187,component_dropout,0.066945206,0.000427246094,0.999517275,0.999035015,1,0,0,0.992036405
Action-coordinate selector,2187,component_dropout,0.066945206,0.000427246094,0.999517275,0.999035015,1,0,0,0.992036405
Direct-output selector,2187,component_dropout,0.0676852399,0.0015625,0.998234817,0.996476757,1,0,0,0.988344335
Input,2224,component_dropout,0.0670549823,0.000427246094,0.999242834,0.998486814,1,0,0,0.992978937
Validation best,2224,component_dropout,0.0670549823,0.000427246094,0.999242834,0.998486814,1,0,0,0.992978937
Action-coordinate selector,2224,component_dropout,0.0670549823,0.000427246094,0.999242834,0.998486814,1,0,0,0.992978937
Direct-output selector,2224,component_dropout,0.0678088385,0.00125732422,0.997773232,0.995557065,1,0,0,0.990540137
Input,2329,component_dropout,0.163795554,0.0919189453,0.803137255,0.671035387,1,0,0,0.839486356
Validation best,2329,component_dropout,0.163795554,0.0919189453,0.803137255,0.671035387,1,0,0,0.839486356
Action-coordinate selector,2329,component_dropout,0.163795554,0.0919189453,0.803137255,0.671035387,1,0,0,0.839486356
Direct-output selector,2329,component_dropout,0.164074218,0.0922241211,0.802593181,0.670277123,1,0,0,0.836467134
Input,2386,component_dropout,0.144531982,0.0856933594,0.848183391,0.736387533,1,0,0,0.678304239
Validation best,2386,component_dropout,0.144531982,0.0856933594,0.848183391,0.736387533,1,0,0,0.678304239
Action-coordinate selector,2386,component_dropout,0.144531982,0.0856933594,0.848183391,0.736387533,1,0,0,0.678304239
Direct-output selector,2386,component_dropout,0.144693294,0.0858520508,0.847859457,0.735899362,1,0,0,0.678304239
Input,2399,component_dropout,0.0693852239,0.00244140625,0.99442431,0.988910452,1,0,0,0.967479675
Validation best,2399,component_dropout,0.0693852239,0.00244140625,0.99442431,0.988910452,1,0,0,0.967479675
Action-coordinate selector,2399,component_dropout,0.0693852239,0.00244140625,0.99442431,0.988910452,1,0,0,0.967479675
Direct-output selector,2399,component_dropout,0.0698187449,0.00283203125,0.99353582,0.987156965,1,0,0,0.967479675
Input,2414,component_dropout,0.0779728616,0.0131835938,0.978326309,0.957572186,1,0,0,0.934782609
Validation best,2414,component_dropout,0.178024331,0.0132446289,0.978228153,0.957384132,1,1,0,0.934782609
Action-coordinate selector,2414,component_dropout,0.178024331,0.0132446289,0.978228153,0.957384132,1,1,0,0.934782609
Direct-output selector,2414,component_dropout,0.179862171,0.0154052734,0.974713877,0.950682504,1,1,0,0.923701226
Input,2498,component_dropout,0.0761368473,0.00732421875,0.979986658,0.960758666,1,0,0,0.932006633
Validation best,2498,component_dropout,0.0761368473,0.00732421875,0.979986658,0.960758666,1,0,0,0.932006633
Action-coordinate selector,2498,component_dropout,0.0761368473,0.00732421875,0.979986658,0.960758666,1,0,0,0.932006633
Direct-output selector,2498,component_dropout,0.0775859732,0.00845947266,0.97693147,0.954903294,1,0,0,0.906621392
Input,2500,component_dropout,0.0866633707,0.0494995117,0.933091329,0.874574698,1,0,0,0.888059701
Validation best,2500,component_dropout,0.0866633707,0.0494995117,0.933091329,0.874574698,1,0,0,0.888059701
Action-coordinate selector,2500,component_dropout,0.0866633707,0.0494995117,0.933091329,0.874574698,1,0,0,0.888059701
Direct-output selector,2500,component_dropout,0.0872043515,0.0501953125,0.932086777,0.87281163,1,0,0,0.888059701
Input,2515,component_dropout,0.069518444,0.00390625,0.994823682,0.989700676,1,0,0,0.937984496
Validation best,2515,component_dropout,0.069518444,0.00390625,0.994823682,0.989700676,1,0,0,0.937984496
Action-coordinate selector,2515,component_dropout,0.069518444,0.00390625,0.994823682,0.989700676,1,0,0,0.937984496
Direct-output selector,2515,component_dropout,0.0704160198,0.00513916016,0.993196197,0.986487217,1,0,0,0.935505082
Input,2545,component_dropout,0.0826361504,0.0175170898,0.968834835,0.939553496,1,0,0,0.910648715
Validation best,2545,component_dropout,0.21613231,0.0177001953,0.968519323,0.938960219,1,2,0,0.903940887
Action-coordinate selector,2545,component_dropout,0.21613231,0.0177001953,0.968519323,0.938960219,1,2,0,0.903940887
Direct-output selector,2545,component_dropout,0.216907167,0.0185546875,0.967009426,0.936128435,1,2,0,0.892166662
Input,2554,component_dropout,0.0808870361,0.0115966797,0.970247416,0.942214112,1,0,0,0.914498141
Validation best,2554,component_dropout,0.0808870361,0.0115966797,0.970247416,0.942214112,1,0,0,0.914498141
Action-coordinate selector,2554,component_dropout,0.0808870361,0.0115966797,0.970247416,0.942214112,1,0,0,0.914498141
Direct-output selector,2554,component_dropout,0.0815981605,0.0121704102,0.96875647,0.93940797,1,0,0,0.913688065
Input,2562,component_dropout,0.0702489256,0.00396728516,0.993027995,0.986152535,1,0,0,0.930182599
Validation best,2562,component_dropout,0.0702489256,0.00396728516,0.993027995,0.986152535,1,0,0,0.930182599
Action-coordinate selector,2562,component_dropout,0.0702489256,0.00396728516,0.993027995,0.986152535,1,0,0,0.930182599
Direct-output selector,2562,component_dropout,0.0714750169,0.00532226563,0.990640257,0.981458346,1,0,0,0.929952531
Input,2580,component_dropout,0.0714663117,0.00299072266,0.989496249,0.979210861,1,0,0,0.928257687
Validation best,2580,component_dropout,0.0714663117,0.00299072266,0.989496249,0.979210861,1,0,0,0.928257687
Action-coordinate selector,2580,component_dropout,0.0714663117,0.00299072266,0.989496249,0.979210861,1,0,0,0.928257687
Direct-output selector,2580,component_dropout,0.0726040765,0.00369873047,0.987005841,0.974345372,1,0,0,0.928257687
Input,2586,component_dropout,0.174199926,0.16986084,0.816097271,0.689327975,1,0,0,0.770999116
Validation best,2586,component_dropout,0.174199926,0.16986084,0.816097271,0.689327975,1,0,0,0.770999116
Action-coordinate selector,2586,component_dropout,0.174199926,0.16986084,0.816097271,0.689327975,1,0,0,0.770999116
Direct-output selector,2586,component_dropout,0.175385962,0.171911621,0.814157572,0.686565874,1,0,0,0.754329243
Input,2666,component_dropout,0.0801176725,0.0101318359,0.971438403,0.944463031,1,0,0,0.898839138
Validation best,2666,component_dropout,0.0801176725,0.0101318359,0.971438403,0.944463031,1,0,0,0.898839138
Action-coordinate selector,2666,component_dropout,0.0801176725,0.0101318359,0.971438403,0.944463031,1,0,0,0.898839138
Direct-output selector,2666,component_dropout,0.0821502151,0.0116577148,0.967119986,0.936333333,1,0,0,0.898839138
Input,2718,component_dropout,0.0697452307,0.00360107422,0.994104127,0.988277369,1,0,0,0.96993988
Validation best,2718,component_dropout,0.203338182,0.00390625,0.993607671,0.987296546,1,2,0,0.946721311
Action-coordinate selector,2718,component_dropout,0.203338182,0.00390625,0.993607671,0.987296546,1,2,0,0.946721311
Direct-output selector,2718,component_dropout,0.204907336,0.00574951172,0.990606417,0.981394592,1,2,0,0.933789112
Input,2732,component_dropout,0.087458294,0.0220947266,0.959068295,0.921355638,1,0,0,0.888382688
Validation best,2732,component_dropout,0.087458294,0.0220947266,0.959068295,0.921355638,1,0,0,0.888382688
Action-coordinate selector,2732,component_dropout,0.087458294,0.0220947266,0.959068295,0.921355638,1,0,0,0.888382688
Direct-output selector,2732,component_dropout,0.0880516941,0.0227050781,0.957889971,0.919183141,1,0,0,0.888382688
Input,2756,component_dropout,0.0841279377,0.0178833008,0.965288473,0.932905885,1,0,0,0.870098039
Validation best,2756,component_dropout,0.0841279377,0.0178833008,0.965288473,0.932905885,1,0,0,0.870098039
Action-coordinate selector,2756,component_dropout,0.0841279377,0.0178833008,0.965288473,0.932905885,1,0,0,0.870098039
Direct-output selector,2756,component_dropout,0.0847328918,0.0185058594,0.964087367,0.930667181,1,0,0,0.869263484
Input,2799,component_dropout,0.0798207892,0.0145874023,0.974408395,0.950093965,1,0,0,0.894243641
Validation best,2799,component_dropout,0.0798207892,0.0145874023,0.974408395,0.950093965,1,0,0,0.894243641
Action-coordinate selector,2799,component_dropout,0.0798207892,0.0145874023,0.974408395,0.950093965,1,0,0,0.894243641
Direct-output selector,2799,component_dropout,0.0810300675,0.0159423828,0.972062689,0.945644453,1,0,0,0.886487942
Input,2807,component_dropout,0.0683612931,0.00189208984,0.996709479,0.993440542,1,0,0,0.96374269
Validation best,2807,component_dropout,0.0683612931,0.00189208984,0.996709479,0.993440542,1,0,0,0.96374269
Action-coordinate selector,2807,component_dropout,0.0683612931,0.00189208984,0.996709479,0.993440542,1,0,0,0.96374269
Direct-output selector,2807,component_dropout,0.0689969549,0.00260009766,0.995474328,0.990989702,1,0,0,0.96374269
Input,2846,component_dropout,0.067238397,0.00048828125,0.998814815,0.997632436,1,0,0,0.98816568
Validation best,2846,component_dropout,0.067238397,0.00048828125,0.998814815,0.997632436,1,0,0,0.98816568
Action-coordinate selector,2846,component_dropout,0.067238397,0.00048828125,0.998814815,0.997632436,1,0,0,0.98816568
Direct-output selector,2846,component_dropout,0.067395853,0.000622558594,0.998488313,0.996981355,1,0,0,0.98816568
Input,2857,component_dropout,0.0681781323,0.001953125,0.997197898,0.994411457,1,0,0,0.963302752
Validation best,2857,component_dropout,0.0681781323,0.001953125,0.997197898,0.994411457,1,0,0,0.963302752
Action-coordinate selector,2857,component_dropout,0.0681781323,0.001953125,0.997197898,0.994411457,1,0,0,0.963302752
Direct-output selector,2857,component_dropout,0.068526635,0.00240478516,0.996552472,0.993129273,1,0,0,0.959235583
Input,2916,component_dropout,0.0674425307,0.0009765625,0.998548621,0.997101449,1,0,0,0.981981982
Validation best,2916,component_dropout,0.0674425307,0.0009765625,0.998548621,0.997101449,1,0,0,0.981981982
Action-coordinate selector,2916,component_dropout,0.0674425307,0.0009765625,0.998548621,0.997101449,1,0,0,0.981981982
Direct-output selector,2916,component_dropout,0.0681499053,0.00186767578,0.997225741,0.994470288,1,0,0,0.979442828
Input,2917,component_dropout,0.0668868741,0.000305175781,0.999602069,0.999204455,1,0,0,0.99344692
Validation best,2917,component_dropout,0.0668868741,0.000305175781,0.999602069,0.999204455,1,0,0,0.99344692
Action-coordinate selector,2917,component_dropout,0.0668868741,0.000305175781,0.999602069,0.999204455,1,0,0,0.99344692
Direct-output selector,2917,component_dropout,0.0672127904,0.000756835938,0.999013109,0.998028333,1,0,0,0.991857626
Input,2925,component_dropout,0.0684383976,0.00262451172,0.996882929,0.993785229,1,0,0,0.94591195
Validation best,2925,component_dropout,0.0684383976,0.00262451172,0.996882929,0.993785229,1,0,0,0.94591195
Action-coordinate selector,2925,component_dropout,0.0684383976,0.00262451172,0.996882929,0.993785229,1,0,0,0.94591195
Direct-output selector,2925,component_dropout,0.0685952829,0.00285644531,0.996606682,0.993236393,1,0,0,0.94591195
Input,2992,component_dropout,0.100515467,0.0436401367,0.937198068,0.881818182,1,0,0,0.860262009
Validation best,2992,component_dropout,0.100515467,0.0436401367,0.937198068,0.881818182,1,0,0,0.860262009
Action-coordinate selector,2992,component_dropout,0.100515467,0.0436401367,0.937198068,0.881818182,1,0,0,0.860262009
Direct-output selector,2992,component_dropout,0.101179099,0.0444946289,0.935966233,0.87963976,1,0,0,0.8565071
Input,3083,component_dropout,0.0682497422,0.000671386719,0.996378005,0.992782152,1,0,0,0.977955912
Validation best,3083,component_dropout,0.0682497422,0.000671386719,0.996378005,0.992782152,1,0,0,0.977955912
Action-coordinate selector,3083,component_dropout,0.0682497422,0.000671386719,0.996378005,0.992782152,1,0,0,0.977955912
Direct-output selector,3083,component_dropout,0.0709672596,0.00181884766,0.990157941,0.980514038,1,0,0,0.977955912
Input,3137,component_dropout,0.0677003175,0.000549316406,0.997690531,0.995391705,1,0,0,0.987306065
Validation best,3137,component_dropout,0.202633101,0.00140380859,0.994119151,0.988307067,1,2,0,0.936296296
Action-coordinate selector,3137,component_dropout,0.134825016,0.000793457031,0.996667521,0.993357179,1,1,0,0.97574893
Direct-output selector,3137,component_dropout,0.213537278,0.00732421875,0.969818913,0.94140625,1,2,0,0.855613639
Input,3150,component_dropout,0.0680477561,0.000671386719,0.99688297,0.993785311,1,0,0,0.979591837
Validation best,3150,component_dropout,0.0680477561,0.000671386719,0.99688297,0.993785311,1,0,0,0.979591837
Action-coordinate selector,3150,component_dropout,0.0680477561,0.000671386719,0.99688297,0.993785311,1,0,0,0.979591837
Direct-output selector,3150,component_dropout,0.0739968713,0.00360107422,0.983475025,0.967490978,1,0,0,0.920297392
Input,3166,component_dropout,0.0672519144,0.000610351562,0.998842057,0.997686792,1,0,0,0.986807388
Validation best,3166,component_dropout,0.167368835,0.000732421875,0.99861079,0.997225434,1,1,0,0.985468956
Action-coordinate selector,3166,component_dropout,0.167368835,0.000732421875,0.99861079,0.997225434,1,1,0,0.985468956
Direct-output selector,3166,component_dropout,0.168766081,0.00219726562,0.995850098,0.991755272,1,1,0,0.962543818
Input,3169,component_dropout,0.0746895249,0.00756835938,0.983727034,0.967975207,1,0,0,0.927680798
Validation best,3169,component_dropout,0.0746895249,0.00756835938,0.983727034,0.967975207,1,0,0,0.927680798
Action-coordinate selector,3169,component_dropout,0.0746895249,0.00756835938,0.983727034,0.967975207,1,0,0,0.927680798
Direct-output selector,3169,component_dropout,0.0753646429,0.008203125,0.982356622,0.9653259,1,0,0,0.927680798
Input,3241,component_dropout,0.0953031149,0.0316772461,0.944247502,0.894383394,1,0,0,0.874692875
Validation best,3241,component_dropout,0.0953031149,0.0316772461,0.944247502,0.894383394,1,0,0,0.874692875
Action-coordinate selector,3241,component_dropout,0.0953031149,0.0316772461,0.944247502,0.894383394,1,0,0,0.874692875
Direct-output selector,3241,component_dropout,0.0955912269,0.0319824219,0.94367981,0.893365893,1,0,0,0.874692875
Input,3261,component_dropout,0.0880791864,0.0213623047,0.957149853,0.917821085,1,0,0,0.916752312
Validation best,3261,component_dropout,0.0880791864,0.0213623047,0.957149853,0.917821085,1,0,0,0.916752312
Action-coordinate selector,3261,component_dropout,0.0880791864,0.0213623047,0.957149853,0.917821085,1,0,0,0.916752312
Direct-output selector,3261,component_dropout,0.0883426746,0.0216186523,0.956619306,0.916846606,1,0,0,0.916752312
Input,3303,component_dropout,0.0628068837,0.00854492188,0.972255252,0.946008484,1,0,0,0.934648582
Validation best,3303,component_dropout,0.0628068837,0.00854492188,0.972255252,0.946008484,1,0,0,0.934648582
Action-coordinate selector,3303,component_dropout,0.0628068837,0.00854492188,0.972255252,0.946008484,1,0,0,0.934648582
Direct-output selector,3303,component_dropout,0.113908716,0.00928955078,0.969872986,0.94150916,2,0,0,0.932536361
Input,3317,component_dropout,0.0575351445,0.0087890625,0.98555667,0.971524619,1,0,0,0.944625407
Validation best,3317,component_dropout,0.0575351445,0.0087890625,0.98555667,0.971524619,1,0,0,0.944625407
Action-coordinate selector,3317,component_dropout,0.0575351445,0.0087890625,0.98555667,0.971524619,1,0,0,0.944625407
Direct-output selector,3317,component_dropout,0.113642605,0.016015625,0.973901301,0.949131145,2,0,0,0.903869704
Input,3364,component_dropout,0.23398015,0.0432739258,0.811686587,0.683057667,1,1,0,0.783042394
Validation best,3364,component_dropout,0.23398015,0.0432739258,0.811686587,0.683057667,1,1,0,0.783042394
Action-coordinate selector,3364,component_dropout,0.23398015,0.0432739258,0.811686587,0.683057667,1,1,0,0.783042394
Direct-output selector,3364,component_dropout,0.235925124,0.044128418,0.8072514,0.676799285,1,1,0,0.783042394
Input,3393,component_dropout,0.0707172474,0.00274658203,0.991246839,0.982645584,1,0,0,0.934114202
Validation best,3393,component_dropout,0.0707172474,0.00274658203,0.991246839,0.982645584,1,0,0,0.934114202
Action-coordinate selector,3393,component_dropout,0.0707172474,0.00274658203,0.991246839,0.982645584,1,0,0,0.934114202
Direct-output selector,3393,component_dropout,0.0765102129,0.00671386719,0.978748068,0.958380628,1,0,0,0.869898432
Input,3403,component_dropout,0.0685228848,0.00219726562,0.996458087,0.992941176,1,0,0,0.976277372
Validation best,3403,component_dropout,0.0685228848,0.00219726562,0.996458087,0.992941176,1,0,0,0.976277372
Action-coordinate selector,3403,component_dropout,0.0685228848,0.00219726562,0.996458087,0.992941176,1,0,0,0.976277372
Direct-output selector,3403,component_dropout,0.0690573198,0.00283203125,0.995439383,0.990921093,1,0,0,0.976277372
Input,3422,component_dropout,0.168244307,0.0426635742,0.767387687,0.622570194,1,0,0,0.713178295
Validation best,3422,component_dropout,0.168244307,0.0426635742,0.767387687,0.622570194,1,0,0,0.713178295
Action-coordinate selector,3422,component_dropout,0.168244307,0.0426635742,0.767387687,0.622570194,1,0,0,0.713178295
Direct-output selector,3422,component_dropout,0.172632606,0.0448364258,0.757503363,0.609670563,1,0,0,0.682253208
Input,3455,component_dropout,0.0672249587,0.000671386719,0.998939963,0.997882172,1,0,0,0.988433228
Validation best,3455,component_dropout,0.0672249587,0.000671386719,0.998939963,0.997882172,1,0,0,0.988433228
Action-coordinate selector,3455,component_dropout,0.0672249587,0.000671386719,0.998939963,0.997882172,1,0,0,0.988433228
Direct-output selector,3455,component_dropout,0.0681679454,0.00180664063,0.997150124,0.994318329,1,0,0,0.980913971
Input,3481,component_dropout,0.0695991736,0.00183105469,0.99358426,0.987250319,1,0,0,0.947368421
Validation best,3481,component_dropout,0.0695991736,0.00183105469,0.99358426,0.987250319,1,0,0,0.947368421
Action-coordinate selector,3481,component_dropout,0.0695991736,0.00183105469,0.99358426,0.987250319,1,0,0,0.947368421
Direct-output selector,3481,component_dropout,0.0703207739,0.00228271484,0.992006089,0.984139101,1,0,0,0.947368421
Input,3588,component_dropout,0.072781684,0.0103149414,0.989869927,0.979943033,1,0,0,0.939759036
Validation best,3588,component_dropout,0.072781684,0.0103149414,0.989869927,0.979943033,1,0,0,0.939759036
Action-coordinate selector,3588,component_dropout,0.072781684,0.0103149414,0.989869927,0.979943033,1,0,0,0.939759036
Direct-output selector,3588,component_dropout,0.0732000877,0.0110229492,0.989177922,0.978587936,1,0,0,0.937608446
Input,3595,component_dropout,0.0689000789,0.001953125,0.995393032,0.990828318,1,0,0,0.955431755
Validation best,3595,component_dropout,0.0689000789,0.001953125,0.995393032,0.990828318,1,0,0,0.955431755
Action-coordinate selector,3595,component_dropout,0.0689000789,0.001953125,0.995393032,0.990828318,1,0,0,0.955431755
Direct-output selector,3595,component_dropout,0.0699670956,0.00288085938,0.993189357,0.986479055,1,0,0,0.949170385
Input,3599,component_dropout,0.0631139666,0.00695800781,0.970694087,0.943056943,1,0,0,0.931547619
Validation best,3599,component_dropout,0.0631139666,0.00695800781,0.970694087,0.943056943,1,0,0,0.931547619
Action-coordinate selector,3599,component_dropout,0.0631139666,0.00695800781,0.970694087,0.943056943,1,0,0,0.931547619
Direct-output selector,3599,component_dropout,0.0640127255,0.007421875,0.968679124,0.939260739,1,0,0,0.931547619
Input,3602,component_dropout,0.0679225238,0.000610351562,0.997165533,0.994347089,1,0,0,0.980079681
Validation best,3602,component_dropout,0.0679225238,0.000610351562,0.997165533,0.994347089,1,0,0,0.980079681
Action-coordinate selector,3602,component_dropout,0.0679225238,0.000610351562,0.997165533,0.994347089,1,0,0,0.980079681
Direct-output selector,3602,component_dropout,0.0706192239,0.00191650391,0.991076859,0.98231982,1,0,0,0.980079681
Input,3613,component_dropout,0.143303284,0.0983276367,0.857572275,0.750657793,1,0,0,0.786813187
Validation best,3613,component_dropout,0.143303284,0.0983276367,0.857572275,0.750657793,1,0,0,0.786813187
Action-coordinate selector,3613,component_dropout,0.143303284,0.0983276367,0.857572275,0.750657793,1,0,0,0.786813187
Direct-output selector,3613,component_dropout,0.143874134,0.0990600586,0.856511361,0.749033555,1,0,0,0.786813187
Input,3629,component_dropout,0.0696217448,0.00415039062,0.9946875,0.989431147,1,0,0,0.926247289
Validation best,3629,component_dropout,0.20304165,0.00427246094,0.994532104,0.989123679,1,2,0,0.920392585
Action-coordinate selector,3629,component_dropout,0.20304165,0.00427246094,0.994532104,0.989123679,1,2,0,0.920392585
Direct-output selector,3629,component_dropout,0.204049161,0.00568847656,0.992721337,0.985549472,1,2,0,0.900149945
Input,3631,component_dropout,0.0975205677,0.0275878906,0.936659193,0.880864523,1,0,0,0.850877193
Validation best,3631,component_dropout,0.0975205677,0.0275878906,0.936659193,0.880864523,1,0,0,0.850877193
Action-coordinate selector,3631,component_dropout,0.0975205677,0.0275878906,0.936659193,0.880864523,1,0,0,0.850877193
Direct-output selector,3631,component_dropout,0.0984088966,0.0283691406,0.934828995,0.877633861,1,0,0,0.84986475
Input,3639,component_dropout,0.0679362318,0.000793457031,0.997222816,0.994461014,1,0,0,0.975970425
Validation best,3639,component_dropout,0.0679362318,0.000793457031,0.997222816,0.994461014,1,0,0,0.975970425
Action-coordinate selector,3639,component_dropout,0.0679362318,0.000793457031,0.997222816,0.994461014,1,0,0,0.975970425
Direct-output selector,3639,component_dropout,0.0696918296,0.00189208984,0.993383138,0.986853265,1,0,0,0.960600375
