dataset,action,loss,mse,dice,iou,beta0_error,beta1_error,topology_exact
shapes,identity,0.46155494,0.049968738,0.78592074,0.6742292,68.32098,7.4388776,0.0
shapes,O_square2,0.2270498,0.014917871,0.9084346,0.8466132,0.8981296,3.004676,0.108216435
shapes,O_square3,0.25045118,0.031767827,0.77261066,0.6768548,0.73780894,1.4311957,0.1733467
shapes,O_square4,0.28627664,0.047596928,0.6445827,0.540511,0.7281229,1.1302605,0.2231129
shapes,O_square5,0.33122814,0.06088517,0.53127795,0.4333185,0.78122914,1.1012024,0.22344689
shapes,C_square3,0.36301342,0.08659197,0.7259349,0.6100631,34.464596,0.47929192,0.0
shapes,OC_square3,0.1968311,0.02841651,0.78985584,0.70200706,0.48964596,1.0731463,0.35270542
shapes,CO_square3,0.23334864,0.03869993,0.8194815,0.7269858,1.8076153,1.014696,0.22044088
shapes,C_square5,0.4824551,0.2166659,0.5824106,0.45891756,12.186039,1.5691383,0.003006012
shapes,OC_square5,0.32142395,0.059973955,0.5367542,0.43987364,0.76619905,1.0981964,0.25985304
shapes,CO_square5,0.30525503,0.16020605,0.6448233,0.5324756,0.8209753,1.0714763,0.19104877
shapes,C_diamond1,0.32347178,0.057784107,0.77572227,0.6645228,56.455242,0.34635937,0.0
shapes,OC_diamond1,0.15456975,0.016735598,0.8935603,0.8261211,0.68203074,0.9468938,0.3997996
shapes,CO_diamond1,0.15776429,0.018087698,0.9029906,0.836903,1.0494322,0.75384104,0.3183033
shapes,C_diamond2,0.4044295,0.10962642,0.6888636,0.56535476,29.076153,0.77287906,0.0
shapes,OC_diamond2,0.25300464,0.04546308,0.6672151,0.5582314,0.5547762,1.0958583,0.32398129
shapes,CO_diamond2,0.24083836,0.060376093,0.7620006,0.6489318,1.1386106,1.02505,0.22912492
shapes,C_horizontal3,0.33480823,0.058001734,0.77452534,0.6645035,54.79058,0.4258517,0.0
shapes,OC_horizontal3,0.20759912,0.014749274,0.9128864,0.850019,1.7358049,0.99499,0.21609886
shapes,CO_horizontal3,0.2815965,0.03198858,0.84798014,0.76111925,9.260521,0.8283233,0.1002004
shapes,C_vertical3,0.33109355,0.05768481,0.7754726,0.66572523,54.89546,0.3954576,0.0
shapes,OC_vertical3,0.20895097,0.014826808,0.91368616,0.8510682,1.8306613,1.005678,0.22110888
shapes,CO_vertical3,0.28053218,0.031762183,0.84933716,0.76304674,9.4084835,0.8206413,0.09786239
shapes,O_diamond1,0.24045727,0.018975755,0.8827163,0.80868256,0.8036072,3.9245157,0.09919839
shapes,O_diamond2,0.29590943,0.046744023,0.6593818,0.5488861,0.59285235,1.756513,0.16800267
shapes,O_horizontal3,0.27245206,0.016103968,0.9068663,0.8397713,1.8954576,3.009352,0.066466264
shapes,O_vertical3,0.27035314,0.016219644,0.90735567,0.84029675,1.9669338,2.998998,0.07782231
shapes,area_connected3,0.16904564,0.014903372,0.9229449,0.87000436,5.3273215,0.38343352,0.25718102
shapes,area_connected8,0.04499584,0.0065939236,0.96710265,0.9380146,0.12992652,0.3496994,0.67969275
shapes,area_connected16,0.04982008,0.006999388,0.964415,0.9335619,0.03941216,0.50801605,0.6533066
shapes,area_connected32,0.084336355,0.010122826,0.9371453,0.89693606,0.11222445,0.76953906,0.507348
mnist,identity,0.39559978,0.049927846,0.8343128,0.7293361,20.998333,1.7111666,0.0
mnist,O_square2,0.18424019,0.021463588,0.9000968,0.82843816,1.3981667,0.40966666,0.26083332
mnist,O_square3,0.35567355,0.07679602,0.48930797,0.38024667,1.0656667,0.46433333,0.191
mnist,O_square4,0.49405494,0.11836006,0.13217969,0.091445506,0.8445,0.4825,0.11733333
mnist,O_square5,0.5515005,0.13048372,0.030261952,0.020490613,0.9853333,0.48483333,0.026333334
mnist,C_square3,0.36675203,0.10091323,0.7455168,0.62020814,9.652333,0.41283333,0.004333333
mnist,OC_square3,0.32659847,0.076545425,0.49331254,0.3845958,0.71666664,0.465,0.27266666
mnist,CO_square3,0.25096565,0.07684992,0.7049739,0.5711195,0.87483335,0.43466666,0.27483332
mnist,C_square5,0.43827087,0.23702854,0.5864088,0.44519457,3.2505,0.545,0.04
mnist,OC_square5,0.55098933,0.13046992,0.03036632,0.020611543,0.98116666,0.4845,0.0285
mnist,CO_square5,0.3167809,0.21149936,0.47943312,0.339426,0.25333333,0.48483333,0.43283334
mnist,C_diamond1,0.31914133,0.06526364,0.80536026,0.6919729,16.200333,0.25133333,0.0025
mnist,OC_diamond1,0.22005898,0.040098064,0.7764211,0.66831005,1.0268333,0.399,0.28883332
mnist,CO_diamond1,0.16717584,0.03877981,0.8344318,0.73191637,0.7076667,0.3285,0.40166667
mnist,C_diamond2,0.3945779,0.12967849,0.6995092,0.56401044,7.98,0.46766666,0.005
mnist,OC_diamond2,0.45786104,0.112327956,0.18993114,0.1313983,0.72283334,0.48333332,0.18383333
mnist,CO_diamond2,0.27540365,0.11133139,0.59794545,0.4508042,0.482,0.48966667,0.33383334
mnist,C_horizontal3,0.31848955,0.0634704,0.8081832,0.69653416,15.824,0.264,0.0021666666
mnist,OC_horizontal3,0.26382583,0.032939017,0.8264683,0.72697943,2.3333333,0.42933333,0.10716667
mnist,CO_horizontal3,0.2908378,0.050751176,0.79915065,0.6866596,3.7078333,0.403,0.0795
mnist,C_vertical3,0.3311422,0.064353615,0.80721515,0.69432884,16.171667,0.37166667,0.0011666666
mnist,OC_vertical3,0.23571391,0.033007085,0.8508134,0.75338566,1.9903333,0.43583333,0.16833334
mnist,CO_vertical3,0.2766624,0.04989049,0.8214361,0.7110922,3.4936666,0.43216667,0.10166667
mnist,O_diamond1,0.26041043,0.04012846,0.7737669,0.6653852,1.2956667,0.58316666,0.19183333
mnist,O_diamond2,0.46460465,0.11235642,0.18899927,0.13054115,0.7708333,0.49316666,0.1655
mnist,O_horizontal3,0.27993026,0.03234017,0.8276935,0.7291358,2.4215,0.52716666,0.08833333
mnist,O_vertical3,0.25147557,0.031585466,0.85395604,0.7584923,2.1508334,0.51416665,0.13633333
mnist,area_connected3,0.12522906,0.019415813,0.9277645,0.8713642,1.4511666,0.122,0.47566667
mnist,area_connected8,0.044701725,0.013724422,0.94722486,0.9022087,0.086166665,0.1495,0.8045
mnist,area_connected16,0.05119966,0.01508946,0.9411975,0.8927597,0.062333334,0.22866666,0.76033336
mnist,area_connected32,0.07039925,0.019632624,0.9200718,0.8639059,0.063,0.35616666,0.6756667
fashion,identity,0.37914985,0.04997084,0.8894003,0.81678355,14.924167,6.6103334,0.00016666666
fashion,O_square2,0.26882675,0.04899024,0.82922035,0.75137615,1.9826666,3.7188334,0.057166666
fashion,O_square3,0.35149515,0.09116255,0.6631057,0.57689583,2.5221667,2.666,0.06333333
fashion,O_square4,0.40330535,0.14055131,0.51653147,0.42514616,2.5248334,2.4226665,0.10633333
fashion,O_square5,0.453345,0.18249695,0.3885888,0.30862436,2.5115,2.3858333,0.13716666
fashion,C_square3,0.33807364,0.102237836,0.81629825,0.7184337,5.540167,2.2918334,0.022833332
fashion,OC_square3,0.29115638,0.08446729,0.6754419,0.5945919,2.1291666,2.3601665,0.207
fashion,CO_square3,0.22860032,0.07796186,0.799725,0.7132081,1.8065,2.355,0.2145
fashion,C_square5,0.34595063,0.20336568,0.72008586,0.6033741,2.5286667,2.3778334,0.08466667
fashion,OC_square5,0.43092662,0.17822199,0.39626932,0.3179888,2.3783333,2.3831666,0.19883333
fashion,CO_square5,0.2854485,0.17592706,0.70303094,0.5945832,1.945,2.3845,0.23866667
fashion,C_diamond1,0.3305236,0.07388551,0.85218906,0.7634571,10.345667,2.1981666,0.012166667
fashion,OC_diamond1,0.2573061,0.06496777,0.7533195,0.67224497,1.9561666,2.3261666,0.18666667
fashion,CO_diamond1,0.21227765,0.05927479,0.82888436,0.74754816,1.7068334,2.2981668,0.21183333
fashion,C_diamond2,0.34590226,0.13090937,0.7828775,0.6743786,4.641667,2.3381667,0.0295
fashion,OC_diamond2,0.36075956,0.13276257,0.5313549,0.43983006,2.2581666,2.3763332,0.21283333
fashion,CO_diamond2,0.25342545,0.1124551,0.75040424,0.64787245,1.884,2.3693333,0.23616667
fashion,C_horizontal3,0.3249332,0.06867948,0.8600696,0.77531534,9.789166,1.9778334,0.012
fashion,OC_horizontal3,0.23927525,0.055193912,0.8291568,0.7469253,1.9261667,2.2351665,0.13816667
fashion,CO_horizontal3,0.2370885,0.061308097,0.8482403,0.7656189,2.0975,2.1515,0.1265
fashion,C_vertical3,0.31334278,0.05917223,0.87129533,0.7938584,10.688167,1.8295,0.007333333
fashion,OC_vertical3,0.21407458,0.043108247,0.8481405,0.77597517,1.6471666,2.1865,0.17466667
fashion,CO_vertical3,0.22819716,0.04764826,0.86441797,0.79260796,2.2868333,2.0408332,0.13666667
fashion,O_diamond1,0.3053221,0.06792317,0.7480257,0.6639141,2.0555,4.4035,0.0475
fashion,O_diamond2,0.40304947,0.1376121,0.52233356,0.42849183,2.3435,2.9858334,0.082666665
fashion,O_horizontal3,0.28387517,0.054754384,0.8292958,0.7469598,2.3125,3.6345,0.048666667
fashion,O_vertical3,0.2540633,0.046885468,0.84298545,0.7668221,1.7036667,3.9628334,0.058333334
fashion,area_connected3,0.16389453,0.024791222,0.9345899,0.8872253,1.5848334,1.6833333,0.18683334
fashion,area_connected8,0.15308055,0.024798047,0.92046434,0.87227017,1.6341667,2.1536667,0.257
fashion,area_connected16,0.1765775,0.029205652,0.88712287,0.83742255,1.8656666,2.306,0.24816667
fashion,area_connected32,0.20090005,0.03427199,0.8413766,0.79570717,2.0171666,2.3526666,0.24433333
