dataset,method,condition,loss,mse,dice,iou,beta0_error,beta1_error,topology_exact
fashion,Classical best,balanced04,0.147751294840275,0.02071811237101,0.9273725249210001,0.885058125258,1.636,2.143,0.268
fashion,Classical best,balanced10,0.17081357023715,0.03958928581133,0.893339535472,0.824446775864,1.587,2.172,0.239
fashion,Classical best,clean,0.1340889427883,0.0102015306621,0.950467940371,0.925175755014,1.664,2.134,0.273
fashion,Classical best,pepper04,0.143425196264948,0.01628443888131,0.934879869084,0.899390960608,1.651,2.149,0.268
fashion,Classical best,pepper10,0.15885186063743,0.02445918374748,0.9099075574,0.8605153305390001,1.686,2.161,0.254
fashion,Classical best,salt04,0.14245135124226102,0.01768239806786,0.938754780644,0.901199259967,1.634,2.152,0.264
fashion,Classical best,salt10,0.15518962309318,0.030054847043790002,0.918530739639,0.8630076662276,1.611,2.145,0.249
fashion,Classical best,shift20,0.2646867982726,0.09633035703439999,0.7876361791936,0.6762981820685,1.706,2.168,0.112
fashion,Conditional mean mask,balanced04,0.123006989486461,0.018039285711146002,0.9495414265824,0.9101723518468,1.1812,1.8152000000000001,0.2848
fashion,Conditional mean mask,balanced10,0.16487899754309002,0.04098443877596,0.8951495360031999,0.8250134874522,1.3128,2.0078,0.253
fashion,Conditional mean mask,clean,0.09239378635017999,0.005003316323446,0.9804551866782,0.9655405725026,1.218,1.6504,0.332
fashion,Conditional mean mask,pepper04,0.104219590693308,0.011483673463296,0.9658569749326,0.9387919499524,1.1678,1.6832,0.308
fashion,Conditional mean mask,pepper10,0.12895970741281,0.020505102043644002,0.9442695484256,0.9012085977026,1.1872,1.7792000000000001,0.26739999999999997
fashion,Conditional mean mask,salt04,0.11403797534288719,0.0143025510156,0.9598318304906001,0.9275816485635999,1.1887999999999999,1.797,0.29419999999999996
fashion,Conditional mean mask,salt10,0.147221647457446,0.030577295921768,0.9191302799844,0.8625828304386001,1.2968,2.011,0.2738
fashion,Conditional mean mask,shift20,0.3737236704578,0.12869591835445998,0.7431664346943001,0.6215972019202,6.0056,2.3294,0.0544
fashion,Conditional sampled,balanced04,0.12343607404691018,0.018418243962661056,0.9490787030974,0.909301939896,1.178851447380398,1.8262420239002126,0.2839831778956895
fashion,Conditional sampled,balanced10,0.16590111660634355,0.041168374726471696,0.894565603292,0.8242496431577601,1.3252788184769146,2.0229533980889602,0.2508442415133329
fashion,Conditional sampled,clean,0.09327377012948365,0.005620447452135823,0.9796236082254,0.9639586256452,1.2187093989401503,1.6570483929564133,0.3310882514939231
fashion,Conditional sampled,pepper04,0.10492498013118894,0.011830657896690518,0.9653750036934,0.9379049134562,1.1706378986855575,1.6946814763350317,0.3076639897143199
fashion,Conditional sampled,pepper10,0.12987767585557589,0.02061948137549421,0.9441193497219614,0.900935765701109,1.1881214125847466,1.7898739380715663,0.26375521488462833
fashion,Conditional sampled,salt04,0.11491395711265034,0.014882994089476166,0.959078698017,0.926170008822,1.1917856289475612,1.8108961499331186,0.29476820504946366
fashion,Conditional sampled,salt10,0.148598434222644,0.030859168408368,0.9184659227764,0.8615710840878,1.3050687439904616,2.0214038518979196,0.2703555302722169
fashion,Conditional sampled,shift20,0.37347319632478004,0.12857013756566,0.7433635534831978,0.6218115606213891,5.9975383437666565,2.3366669919974012,0.05612255002921561
fashion,Conditional selector,balanced04,0.123019162833263,0.018066836858504,0.949505281755,0.9101060569428,1.1807999999999998,1.81,0.283
fashion,Conditional selector,balanced10,0.16495791526063,0.04088698985418,0.8952555672086,0.8252068137358,1.3146,2.0016,0.2532
fashion,Conditional selector,clean,0.09204469186158,0.0049464285977860005,0.980584656525,0.9657798779925999,1.2124000000000001,1.6485999999999998,0.3322
fashion,Conditional selector,pepper04,0.10385715467917299,0.011399745000859999,0.9660021844090001,0.9390680283399999,1.1622000000000001,1.6774,0.3088
fashion,Conditional selector,pepper10,0.129421602515806,0.020466836867858,0.9443195741,0.9013010915388,1.1864000000000001,1.7786,0.26439999999999997
fashion,Conditional selector,salt04,0.113688881444722,0.0142721939775,0.9599019089594,0.9277120163392,1.1872,1.793,0.29619999999999996
fashion,Conditional selector,salt10,0.147093672270685,0.03053647968181,0.9191684610894,0.862655414757,1.295,2.007,0.2738
fashion,Conditional selector,shift20,0.37379222201424,0.12872602009152,0.743126772827,0.6215423692548,6.011,2.329,0.054200000000000005
fashion,Exact gate sampled,balanced04,0.1265404825734158,0.020081945739489123,0.9441811918615245,0.9036202414434104,1.2047403793525469,1.8062370472527034,0.27627165703163425
fashion,Exact gate sampled,balanced10,0.173029975085766,0.042894103659048395,0.888582750083012,0.8169331151490886,1.4830340445009043,1.9366177621199474,0.24058170306635993
fashion,Exact gate sampled,clean,0.10043180373922451,0.007648886480285319,0.9764563518102,0.9586094595072,1.1998490562798625,1.7590243051564969,0.3111372642192628
fashion,Exact gate sampled,pepper04,0.10922466264555122,0.013143880328625257,0.9638648344504,0.9354375582666,1.1712983022398877,1.764739065085137,0.29672373386748896
fashion,Exact gate sampled,pepper10,0.13025026009596066,0.021139098004348895,0.9432834138265141,0.8999959069546557,1.1837831153843092,1.7695902900475966,0.2616568884653463
fashion,Exact gate sampled,salt04,0.1173307477838369,0.015656575938130957,0.955584911893188,0.9222335310245341,1.2089250420419073,1.8013121102283018,0.2920727559651777
fashion,Exact gate sampled,salt10,0.1541804450612676,0.029017137888584,0.9175188236863734,0.8628574333679508,1.4937462367485441,1.926536591610615,0.2508214388312129
fashion,Exact gate sampled,shift20,0.34658237025064,0.12232948426258,0.7529266159465987,0.6338989494112381,5.280627166961195,2.538190908401803,0.07540793466310584
fashion,Exact softmax gate,balanced04,0.12408739287239101,0.019367347046638,0.9461824281218,0.906293296488,1.1776,1.7852000000000001,0.279
fashion,Exact softmax gate,balanced10,0.170849800269618,0.0421193878454,0.8903086344582,0.81920714368964,1.4567999999999999,1.9274,0.24259999999999998
fashion,Exact softmax gate,clean,0.0997020836423488,0.007382653112426,0.9774075616712,0.9598767935062,1.1967999999999999,1.7538,0.31160000000000004
fashion,Exact softmax gate,pepper04,0.1079184885740592,0.012634438882470001,0.964833285251,0.9369561493798,1.1588,1.759,0.2978
fashion,Exact softmax gate,pepper10,0.128702231643262,0.020689540946571997,0.9440765743406,0.9011055623992,1.1744,1.7506,0.26480000000000004
fashion,Exact softmax gate,salt04,0.1148363762096364,0.014929591935492,0.9579510809312,0.9252867030528,1.1684,1.7954,0.29560000000000003
fashion,Exact softmax gate,salt10,0.152260561421779,0.028357908272382,0.9189941524706,0.86481656371988,1.4566,1.9205999999999999,0.2528
fashion,Exact softmax gate,shift20,0.34351514922074,0.12049056107552,0.7557703349451,0.63743646689626,5.2181999999999995,2.4628,0.07659999999999999
fashion,Input,balanced04,0.38637421806309996,0.0399515306723,0.902330415645,0.8336133461440001,14.009,5.779,0.0
fashion,Input,balanced10,0.46715117344499996,0.0993852042814,0.7959820957188,0.6805890340808001,26.726,12.657,0.0
fashion,Input,clean,0.0,0.0,1.0,1.0,0.0,0.0,1.0
fashion,Input,pepper04,0.3200438400703,0.01967219403536,0.956458111487,0.919045438016,4.236,5.524,0.001
fashion,Input,pepper10,0.35851185971,0.03838775512806,0.923878301861,0.860926880996,4.538,11.392,0.0
fashion,Input,salt04,0.338195102583,0.03063520421854,0.9178739233459999,0.859716579948,13.882,1.821,0.0
fashion,Input,salt10,0.404621798765,0.0717933673333,0.839886231745,0.7468151603944,26.154,2.489,0.0
fashion,Input,shift20,0.565269723049,0.199693877114,0.656349461061,0.5096610611943,31.26,20.357,0.0
fashion,Learned local filter,balanced04,0.128584691195784,0.01743749999696,0.939694774589,0.8981228578944,1.08,1.494,0.252
fashion,Learned local filter,balanced10,0.2477930396526,0.03589795918564,0.9010524499570001,0.8338336729849,1.976,1.915,0.051
fashion,Learned local filter,clean,0.101266757483373,0.00973724489589,0.9546721020569999,0.9259366129884,1.102,1.526,0.331
fashion,Learned local filter,pepper04,0.121812410314,0.01531249999557,0.941701050934,0.903221245563,1.141,1.513,0.283
fashion,Learned local filter,pepper10,0.17495664124664,0.02621428571777,0.914084475573,0.8589997041801001,1.22,1.893,0.127
fashion,Learned local filter,salt04,0.120634012681692,0.01372193877208,0.949470103604,0.9145091215544,1.108,1.524,0.267
fashion,Learned local filter,salt10,0.19589646781019,0.02356377551421,0.929418477273,0.87984965917,1.769,1.552,0.089
fashion,Learned local filter,shift20,0.42790151137599997,0.0981964285796,0.7807731799411,0.6638454726729,8.232,4.452,0.001
fashion,No topology,balanced04,0.12516331155076899,0.017426785837610002,0.9505316182644,0.9119286980598,1.1776,1.6812,0.2514
fashion,No topology,balanced10,0.17447746050694998,0.04046989806589,0.8945438821118,0.8243399633916,1.544,1.9722,0.22640000000000002
fashion,No topology,clean,0.08677954162498,0.004559693899918,0.9847630577094,0.9720505331048,1.1118,1.6396,0.352
fashion,No topology,pepper04,0.10413476280065499,0.011197193981668001,0.9663221858974,0.9393268717800001,1.1894,1.6602000000000001,0.308
fashion,No topology,pepper10,0.13877814741529598,0.020304591976538,0.9455765020520001,0.9023609642617999,1.2448,1.7554,0.2246
fashion,No topology,salt04,0.119014863675857,0.01388698990089,0.960401117184,0.9287021944831999,1.21,1.7136,0.2732
fashion,No topology,salt10,0.17272215223748139,0.028043367414163998,0.9212355073448,0.8672868094164,1.601,2.0222,0.189
fashion,No topology,shift20,0.37205525097729997,0.12050561209886,0.7617005874471999,0.6387564675285,4.4328,2.805,0.037
fashion,O_square2,balanced04,0.26700332958914996,0.04274744901748,0.843158201417,0.7707964964336,1.924,3.837,0.03
fashion,O_square2,balanced10,0.3261987815843,0.07448086728384,0.7825618327727,0.6781682174049,2.232,5.309,0.014
fashion,O_square2,clean,0.16392009180211697,0.02404464290861,0.875273106292,0.8248075496933,1.751,1.623,0.319
fashion,O_square2,pepper04,0.26684647099044,0.04303826541268,0.838311065668,0.7660996288042,1.944,3.8,0.033
fashion,O_square2,pepper10,0.3308558363412,0.07400892851621,0.772169203133,0.6702636439663999,2.359,5.274,0.019
fashion,O_square2,salt04,0.21209068923873,0.02904846946023,0.868194736023,0.8112627347535,1.755,2.072,0.125
fashion,O_square2,salt10,0.209964293035913,0.03061734707202,0.870929997923,0.8116744944081,1.682,2.021,0.122
fashion,O_square2,shift20,0.427694015153,0.13390306110157998,0.6661807304722001,0.5219123729153999,3.455,3.959,0.012
fashion,O_square3,balanced04,0.34102593786838,0.08075637746662,0.6858467452789999,0.6044421762562,2.444,2.969,0.046
fashion,O_square3,balanced10,0.4201142698243,0.13495025495146998,0.5732415899788,0.4573835942032,2.887,2.722,0.037
fashion,O_square3,clean,0.24743138932301698,0.050404336660429996,0.742736662615,0.688765674287,2.148,2.1,0.269
fashion,O_square3,pepper04,0.3476415609452,0.08192346918342,0.682401572674,0.6000927064899999,2.464,2.931,0.036
fashion,O_square3,pepper10,0.4269455467027,0.13486096934400002,0.5702836167992,0.4559820134208,2.901,2.781,0.023
fashion,O_square3,salt04,0.28880778676746,0.05735076535929,0.7306860634260001,0.6697678466107,2.231,2.304,0.103
fashion,O_square3,salt10,0.28443529864057,0.05713392857508,0.7361724764001,0.6737033061672,2.206,2.289,0.135
fashion,O_square3,shift20,0.533256617557,0.21744260186437,0.3706107373307,0.2491475124899,3.772,2.376,0.018
fashion,O_square4,balanced04,0.3864493888998,0.12734566308252002,0.5526108035157999,0.45811022561430004,2.422,2.523,0.092
fashion,O_square4,balanced10,0.4945062074244,0.20262244850777,0.3763973869769,0.26823974915050003,2.868,2.402,0.064
fashion,O_square4,clean,0.29979286847867703,0.08002933668516,0.644783290428,0.58087301211,2.241,2.289,0.236
fashion,O_square4,pepper04,0.3871486803256,0.12823341817172,0.5472085997330001,0.4527843169019,2.426,2.503,0.1
fashion,O_square4,pepper10,0.496362394044,0.20466454073327,0.3690255087101,0.2625068026967,2.874,2.398,0.073
fashion,O_square4,salt04,0.32932450324584,0.09034056105397001,0.625950469534,0.5537953857779,2.282,2.362,0.146
fashion,O_square4,salt10,0.32603997337887003,0.0900994897228,0.627999249011,0.5554416316396,2.277,2.348,0.163
fashion,O_square4,shift20,0.597358340912,0.28376913283067,0.1273725672284,0.07443569479539999,2.781,2.386,0.088
fashion,Oracle (diagnostic),balanced04,0.07479553295197201,0.02595280620926,0.9356121198649999,0.8870213979489999,0.683,0.909,0.504
fashion,Oracle (diagnostic),balanced10,0.10944368739093,0.05234948982897,0.878287918143,0.796589574661,0.622,1.123,0.456
fashion,Oracle (diagnostic),clean,0.0,0.0,1.0,1.0,0.0,0.0,1.0
fashion,Oracle (diagnostic),pepper04,0.06292657770079299,0.020286989867190002,0.9537130914540001,0.916115732335,0.52,0.833,0.484
fashion,Oracle (diagnostic),pepper10,0.07457344514631799,0.02743494905164,0.9358447491959999,0.885458419147,0.509,0.983,0.492
fashion,Oracle (diagnostic),salt04,0.06560989688589901,0.0193711735511,0.949113229943,0.910466091474,0.774,0.86,0.542
fashion,Oracle (diagnostic),salt10,0.080008164327888,0.02956887768286,0.92048362903,0.865697249662,0.603,0.924,0.535
fashion,Oracle (diagnostic),shift20,0.17399237639270002,0.10298724481671,0.7813672165524,0.6666452080238999,0.528,1.621,0.382
fashion,Soft morphology,balanced04,0.21437864056426,0.06847959171111001,0.8162332041956,0.7288204648577999,1.787,2.349,0.241
fashion,Soft morphology,balanced10,0.231598893844,0.1012959182561,0.788378693311,0.6798253672996,1.725,2.336,0.233
fashion,Soft morphology,clean,0.21306407300186,0.0552920918563,0.8171834785213,0.7435892053201,1.869,2.351,0.24
fashion,Soft morphology,pepper04,0.21345025497092998,0.057802296035959995,0.8167266835110001,0.7399701858045,1.855,2.351,0.241
fashion,Soft morphology,pepper10,0.21730001308886,0.057307397927030004,0.8097189499915001,0.7344657214136,1.869,2.353,0.242
fashion,Soft morphology,salt04,0.21511472177143,0.06923214278351,0.8175958167281,0.7295141515732999,1.8,2.356,0.239
fashion,Soft morphology,salt10,0.233235650161,0.10648086721093,0.7872276476325,0.676040012848,1.708,2.336,0.239
fashion,Soft morphology,shift20,0.33929113101339997,0.2341033160796,0.6585845899132,0.52440152343572,1.933,2.326,0.143
fashion,Three openings,balanced04,0.25773594144867,0.056273469376268,0.8257333230117999,0.7409479089926,1.8522,2.8788,0.0636
fashion,Three openings,balanced10,0.32286861151888,0.07605943872215999,0.7800732101033,0.6743714047547,2.2072,5.1628,0.019
fashion,Three openings,clean,0.17861390414509798,0.031365306152123996,0.8650200501558001,0.8062722744435,1.731,1.872,0.273
fashion,Three openings,pepper04,0.2574618983413,0.056400765333434,0.8197252667322,0.7348199995298,1.8798,2.9928000000000003,0.0746
fashion,Three openings,pepper10,0.32761102449002,0.07779642855317,0.7667083163838,0.6618784417222,2.3194,4.9274,0.024399999999999998
fashion,Three openings,salt04,0.205105393638316,0.038291836829264,0.8565026350202001,0.7900206112663,1.7078,1.9424000000000001,0.1666
fashion,Three openings,salt10,0.1968454109077806,0.036445153166096,0.8641423510017999,0.7990574431265,1.6504,1.8342,0.1832
fashion,Three openings,shift20,0.427694015153,0.13390306110157998,0.6661807304722001,0.5219123729154,3.455,3.959,0.012
fashion,Training best,balanced04,0.147751294840275,0.02071811237101,0.9273725249210001,0.885058125258,1.636,2.143,0.268
fashion,Training best,balanced10,0.17081357023715,0.03958928581133,0.893339535472,0.824446775864,1.587,2.172,0.239
fashion,Training best,clean,0.1340889427883,0.0102015306621,0.950467940371,0.925175755014,1.664,2.134,0.273
fashion,Training best,pepper04,0.143425196264948,0.01628443888131,0.934879869084,0.899390960608,1.651,2.149,0.268
fashion,Training best,pepper10,0.15885186063743,0.02445918374748,0.9099075574,0.8605153305390001,1.686,2.161,0.254
fashion,Training best,salt04,0.14245135124226102,0.01768239806786,0.938754780644,0.901199259967,1.634,2.152,0.264
fashion,Training best,salt10,0.15518962309318,0.030054847043790002,0.918530739639,0.8630076662276,1.611,2.145,0.249
fashion,Training best,shift20,0.2646867982726,0.09633035703439999,0.7876361791936,0.6762981820685,1.706,2.168,0.112
fashion,Uniform sampled,balanced04,0.28225997609569997,0.0740541474754,0.7764598543035001,0.6970640463119,3.4875483841407,2.6310967662111002,0.1292903192371
fashion,Uniform sampled,balanced10,0.352670213429,0.1332867005969,0.6855338783882999,0.5815660153935001,4.802935483823999,3.1047741907299002,0.0944838681633
fashion,Uniform sampled,clean,0.191382758550797,0.04153538597618,0.833890950867,0.783539013625,1.6709032265637,2.0577419278481,0.2925161260143
fashion,Uniform sampled,pepper04,0.2600511055754,0.06076855727379,0.794645610388,0.726304235171,2.2011290277896,2.6134193506963004,0.1435483839363
fashion,Uniform sampled,pepper10,0.300031262293,0.08454423117073,0.738621254492,0.6588869404240001,2.3518064470634,3.0476128994426,0.1199999967519
fashion,Uniform sampled,salt04,0.25981231164949997,0.06288771509411,0.8001814096995999,0.7288915556217,3.430483867688,2.2002903127630002,0.151645158628
fashion,Uniform sampled,salt10,0.2937199380467,0.10025720042490001,0.7615085811658,0.6747967278074,4.539838707362,2.2285161239674998,0.1330322547257
fashion,Uniform sampled,shift20,0.453204652991,0.231743005817,0.55100299655109,0.43249194822198,5.0429354787700005,3.3343225827057,0.0698709656464
fashion,Validation best,balanced04,0.147751294840275,0.02071811237101,0.9273725249210001,0.885058125258,1.636,2.143,0.268
fashion,Validation best,balanced10,0.17081357023715,0.03958928581133,0.893339535472,0.824446775864,1.587,2.172,0.239
fashion,Validation best,clean,0.1340889427883,0.0102015306621,0.950467940371,0.925175755014,1.664,2.134,0.273
fashion,Validation best,pepper04,0.143425196264948,0.01628443888131,0.934879869084,0.899390960608,1.651,2.149,0.268
fashion,Validation best,pepper10,0.15885186063743,0.02445918374748,0.9099075574,0.8605153305390001,1.686,2.161,0.254
fashion,Validation best,salt04,0.14245135124226102,0.01768239806786,0.938754780644,0.901199259967,1.634,2.152,0.264
fashion,Validation best,salt10,0.15518962309318,0.030054847043790002,0.918530739639,0.8630076662276,1.611,2.145,0.249
fashion,Validation best,shift20,0.2646867982726,0.09633035703439999,0.7876361791936,0.6762981820685,1.706,2.168,0.112
fashion,area16,balanced04,0.172681375792165,0.025368622527,0.893452235198,0.848956815863,1.861,2.305,0.25
fashion,area16,balanced10,0.18965467528675,0.04305357149686,0.86444281918,0.7962936049920001,1.836,2.313,0.237
fashion,area16,clean,0.15899321383700002,0.01492984700763,0.9177145218849999,0.8883517798499999,1.864,2.29,0.258
fashion,area16,pepper04,0.168308310732148,0.021121173565429998,0.90043723405,0.861611487938,1.864,2.302,0.252
fashion,area16,pepper10,0.18602195287724002,0.029257653131449998,0.867770227647,0.8186989206140001,1.909,2.31,0.248
fashion,area16,salt04,0.167156518762551,0.02250892867587,0.906001406323,0.864881539831,1.869,2.307,0.252
fashion,area16,salt10,0.17564050265734,0.03392346946713,0.890624901745,0.8340903619619999,1.855,2.299,0.25
fashion,area16,shift20,0.2304620052727,0.08588520403087,0.7947569862486,0.6900327380428,1.753,2.342,0.213
fashion,area3,balanced04,0.123873431186159,0.01713010216436,0.9512467692290001,0.913083461248,1.141,1.648,0.247
fashion,area3,balanced10,0.26290434848938005,0.0487270408566,0.880407332461,0.801106622578,2.411,1.702,0.04
fashion,area3,clean,0.0894627978469,0.0046020408405399995,0.9812299109829999,0.967014923774,1.169,1.631,0.341
fashion,area3,pepper04,0.102344454023705,0.01106632663645,0.96650774605,0.940019644447,1.14,1.645,0.313
fashion,area3,pepper10,0.14090963614805,0.02106377564478,0.943763399548,0.900195559764,1.171,1.768,0.208
fashion,area3,salt04,0.118907015859261,0.01349744908947,0.961363960254,0.9302215890759999,1.19,1.656,0.256
fashion,area3,salt10,0.23442700435296998,0.0372627551937,0.90424931524,0.83873377788,2.456,1.681,0.057
fashion,area3,shift20,0.4417148638624,0.1405905608068,0.7291742431792,0.5999709219620001,7.458,2.934,0.001
fashion,area32,balanced04,0.195969154961675,0.03048086741735,0.851064336075,0.80900274734,2.007,2.353,0.244
fashion,area32,balanced10,0.21203517546685,0.047345663273760004,0.820491174967,0.758763678465,2.006,2.36,0.247
fashion,area32,clean,0.1868561347629,0.02059948982061,0.8669742198389999,0.8395701563369999,2.015,2.34,0.248
fashion,area32,pepper04,0.198399396696008,0.02727423468885,0.8447963399940001,0.809586947622,2.035,2.352,0.243
fashion,area32,pepper10,0.21458306627079,0.03540943885511,0.813521028164,0.7704290282649999,2.063,2.362,0.24
fashion,area32,salt04,0.189742911159361,0.02721938781614,0.862731833503,0.824666597604,2.006,2.342,0.248
fashion,area32,salt10,0.19466772844166,0.03790178578103,0.855649159677,0.801789940587,1.986,2.347,0.244
fashion,area32,shift20,0.2420150088318,0.08535331632097,0.767955215201,0.671079136466,1.981,2.371,0.231
fashion,area8,balanced04,0.147751294840275,0.02071811237101,0.9273725249210001,0.885058125258,1.636,2.143,0.268
fashion,area8,balanced10,0.17081357023715,0.03958928581133,0.893339535472,0.824446775864,1.587,2.172,0.239
fashion,area8,clean,0.1340889427883,0.0102015306621,0.950467940371,0.925175755014,1.664,2.134,0.273
fashion,area8,pepper04,0.143425196264948,0.01628443888131,0.934879869084,0.899390960608,1.651,2.149,0.268
fashion,area8,pepper10,0.15885186063743,0.02445918374748,0.9099075574,0.8605153305390001,1.686,2.161,0.254
fashion,area8,salt04,0.14245135124226102,0.01768239806786,0.938754780644,0.901199259967,1.634,2.152,0.264
fashion,area8,salt10,0.15518962309318,0.030054847043790002,0.918530739639,0.8630076662276,1.611,2.145,0.249
fashion,area8,shift20,0.2646867982726,0.09633035703439999,0.7876361791936,0.6762981820685,1.706,2.168,0.112
fashion,gaussian06,balanced04,0.168950623347042,0.0175408164392,0.950354535672,0.911419232119,1.349,1.349,0.114
fashion,gaussian06,balanced10,0.3415315610788,0.05223852047870001,0.8741942621966,0.7910242190845,4.708,2.463,0.005
fashion,gaussian06,clean,0.066045134735163,0.00343239798308,0.985634686325,0.973930196108,0.857,1.163,0.39
fashion,gaussian06,pepper04,0.10617609618190199,0.011057398078320001,0.969103892021,0.943104663123,0.895,1.244,0.247
fashion,gaussian06,pepper10,0.17012603077452,0.02432653076399,0.942082941861,0.894978805484,0.972,2.264,0.095
fashion,gaussian06,salt04,0.13918908283312398,0.012826530733650001,0.9615737951109999,0.930650754881,1.28,1.203,0.161
fashion,gaussian06,salt10,0.27472359186989004,0.03608545930886,0.904777697794,0.840161906707,4.575,1.307,0.016
fashion,gaussian06,shift20,0.491624848419,0.1393826526822,0.7272110103224,0.59473021115599,11.726,6.915,0.0
fashion,gaussian10,balanced04,0.183188243890472,0.035890306200829995,0.861816989641,0.7980887475672,1.572,2.179,0.241
fashion,gaussian10,balanced10,0.19204845237110002,0.04333928583317,0.8531500755454,0.7799150558894999,1.471,2.154,0.213
fashion,gaussian10,clean,0.181347455901656,0.032735969474630006,0.865476079944,0.8061439915989,1.629,2.198,0.248
fashion,gaussian10,pepper04,0.18956930633833802,0.03595408178558,0.8547754942875,0.7919037680532,1.652,2.196,0.24
fashion,gaussian10,pepper10,0.20722143712466,0.04318750006428,0.8301453322266,0.7599304252659,1.701,2.185,0.22
fashion,gaussian10,salt04,0.17927251282279,0.03395280617121,0.8697609192758,0.8081256818793,1.578,2.197,0.252
fashion,gaussian10,salt10,0.18019909473323,0.037533163289870004,0.8764488460144,0.8101582431431,1.493,2.196,0.225
fashion,gaussian10,shift20,0.2690365160959,0.06815816319693001,0.8103223348963,0.7148081874107001,1.829,2.152,0.074
fashion,median3,balanced04,0.18980027358943,0.04333035721173,0.8463436674946,0.7757070766073,1.505,2.114,0.236
fashion,median3,balanced10,0.21132857414689998,0.05444260198445,0.8308655060262999,0.7481776656232999,1.453,2.057,0.191
fashion,median3,clean,0.185916610397025,0.03845535728621,0.8539838004985001,0.7890518127667,1.567,2.159,0.245
fashion,median3,pepper04,0.19372910531772,0.0424515307062,0.8427850735099001,0.7735336754108,1.584,2.126,0.235
fashion,median3,pepper10,0.21574922947541,0.05112500001741,0.8168890760699,0.7392944167000001,1.644,2.131,0.212
fashion,median3,salt04,0.18639625229167,0.04116964297593,0.8535940269083,0.7853286925701,1.483,2.151,0.241
fashion,median3,salt10,0.19571907154587,0.04756505098763,0.853532215386,0.7782434213452,1.392,2.131,0.204
fashion,median3,shift20,0.3362255118059,0.0863035713151,0.7751923264365,0.6693216837269,2.866,2.228,0.032
fashion,median5,balanced04,0.24626168182041,0.0688150509639,0.7417945901844,0.66470697250133,1.86,2.287,0.232
fashion,median5,balanced10,0.25745925996990005,0.07538647964806999,0.733059736809,0.6494948261632,1.863,2.291,0.21
fashion,median5,clean,0.24548362036593,0.0654426020335,0.7451074930255001,0.6718987554515999,1.894,2.3,0.23
fashion,median5,pepper04,0.25209367394936,0.0696683671854,0.7331204567927,0.6569167187947,1.913,2.303,0.228
fashion,median5,pepper10,0.2707069543935,0.07988392841897,0.7048176840739,0.6213722838818599,1.978,2.292,0.213
fashion,median5,salt04,0.24340790108457,0.06636352036856999,0.7504967727021,0.6750079431306,1.863,2.308,0.229
fashion,median5,salt10,0.23929008481507,0.06941964285438,0.7607495872064,0.6798885114955,1.772,2.325,0.232
fashion,median5,shift20,0.27337426291510003,0.09075510188297,0.7189222057340999,0.6204209186816,1.756,2.259,0.176
mnist,Classical best,balanced04,0.0338420218903,0.01013137765038,0.960234443843,0.924288962849,0.044,0.143,0.843
mnist,Classical best,balanced10,0.08111975955530001,0.02761989807593,0.894671265801,0.811776169074,0.171,0.188,0.706
mnist,Classical best,clean,0.011421573527,0.00058163266209,0.997744025525,0.995679494974,0.024,0.112,0.888
mnist,Classical best,pepper04,0.0257054423713,0.0055676020911400005,0.977402338435,0.956291222197,0.063,0.124,0.846
mnist,Classical best,pepper10,0.04761268322955,0.011701530719660002,0.951938105208,0.90937413328,0.134,0.166,0.754
mnist,Classical best,salt04,0.02526889717449,0.00741071436031,0.971593829397,0.9452927739010001,0.03,0.124,0.871
mnist,Classical best,salt10,0.05466138746206,0.01991581647481,0.927527058407,0.866239305737,0.075,0.152,0.807
mnist,Classical best,shift20,0.3056093329496,0.0901352039906,0.7043037941520001,0.549940782936,1.752,0.335,0.12
mnist,Conditional mean mask,balanced04,0.033767050335039996,0.010230357131768,0.9596546955854,0.9233325776934,0.042,0.1424,0.844
mnist,Conditional mean mask,balanced10,0.07735023929451999,0.02814515306354,0.8898374544634,0.8056010934764001,0.11120000000000001,0.1928,0.7516
mnist,Conditional mean mask,clean,0.0087814288034,0.000432653061036,0.9981098973770001,0.9964194140132,0.026600000000000002,0.08159999999999999,0.9132
mnist,Conditional mean mask,pepper04,0.024050662708778,0.005564795915379999,0.9769495507056,0.9556362291286,0.065,0.1024,0.8616
mnist,Conditional mean mask,pepper10,0.04488811160959,0.011957397948688,0.9499674675502,0.9063655741726,0.114,0.1468,0.7807999999999999
mnist,Conditional mean mask,salt04,0.025631534266862002,0.007460459175764,0.9713125843902,0.9448242460402,0.037399999999999996,0.1212,0.8707999999999999
mnist,Conditional mean mask,salt10,0.049843007002294,0.018780612250052,0.930666598145,0.8718611787596,0.045399999999999996,0.151,0.8373999999999999
mnist,Conditional mean mask,shift20,0.22658878820269998,0.07921913265700001,0.7313816434204,0.5821020858297999,0.8164,0.32980000000000004,0.3892
mnist,Conditional sampled,balanced04,0.034302000393866064,0.01035994444254801,0.9588694360598,0.9222462818648001,0.045125416083354894,0.14223608056163523,0.8433875955204516
mnist,Conditional sampled,balanced10,0.07806839225032,0.028274419958818,0.8892684647820001,0.8049422084993999,0.11039278570788712,0.19889287633770944,0.7452893213036761
mnist,Conditional sampled,clean,0.009036973133073719,0.0005425134820487665,0.9975439202688,0.9955392072346,0.028383448718054594,0.08007916888349692,0.9123226112556256
mnist,Conditional sampled,pepper04,0.024190793197016294,0.005660248329327918,0.9762972316196,0.9547747927665999,0.06367970842944534,0.10204645340542266,0.8641694349248665
mnist,Conditional sampled,pepper10,0.046223065989244,0.012036523143434,0.949373953329,0.9055646313237999,0.1189336140818488,0.15111482262620093,0.7742917623046581
mnist,Conditional sampled,salt04,0.025908553807751162,0.0075379868066725135,0.9708593283,0.9440923811256,0.03975133785675982,0.1195085134525907,0.8689213181859934
mnist,Conditional sampled,salt10,0.051241702632298,0.018984483014892,0.9299639714068001,0.8707056442246,0.05437718686766881,0.15350154785636852,0.8260619561210923
mnist,Conditional sampled,shift20,0.23126210476004,0.08006752758154001,0.727823423781,0.5783378787248,0.8680462817041739,0.33492056937852915,0.3785261899496832
mnist,Conditional selector,balanced04,0.033904079179405994,0.010244387857397999,0.9595441390998,0.923219596548,0.043,0.1424,0.8453999999999999
mnist,Conditional selector,balanced10,0.07745639752212,0.028411989913412,0.88838881224,0.8035395610975999,0.10579999999999999,0.19319999999999998,0.7547999999999999
mnist,Conditional selector,clean,0.00862360703066,0.00039872449522800003,0.9982141542892,0.9966177084086001,0.0254,0.08120000000000001,0.9142
mnist,Conditional selector,pepper04,0.023952906298244,0.005556632702954,0.9770365271708,0.9557824060314,0.06459999999999999,0.102,0.8623999999999999
mnist,Conditional selector,pepper10,0.044780096675297996,0.011942347049262,0.950056646222,0.90649068451,0.1134,0.1456,0.7816000000000001
mnist,Conditional selector,salt04,0.025518753461106,0.007452806198218,0.9712973775179999,0.9448246528600001,0.035,0.1212,0.871
mnist,Conditional selector,salt10,0.050881998040356,0.01891734709388,0.9301774875568,0.8710855680288,0.0546,0.15,0.8286
mnist,Conditional selector,shift20,0.22339045319532,0.07905229583078,0.729910730979,0.5806959124666,0.7772,0.32980000000000004,0.4106
mnist,Exact gate sampled,balanced04,0.03729310798357762,0.011022952119268155,0.95601053657712,0.918165441948916,0.08753078597743275,0.12960430549792937,0.8393932533435013
mnist,Exact gate sampled,balanced10,0.07976889388054001,0.028489242299314,0.8896737693542178,0.8050051301834928,0.12780005015683418,0.20879665382398704,0.7315112958089408
mnist,Exact gate sampled,clean,0.0063718071695926136,0.00027714221453133337,0.9980304835697285,0.9970320793380067,0.024587742744197748,0.05467900278799407,0.9362086769531205
mnist,Exact gate sampled,pepper04,0.022714678512828313,0.0056448292214367,0.9750148716093263,0.9535990387820881,0.061726758188941314,0.07921946202274106,0.8831181826401094
mnist,Exact gate sampled,pepper10,0.04606134542185,0.012299313892701998,0.9465368269534976,0.9021203437592583,0.11351893893697365,0.13807118357976514,0.7860483327504766
mnist,Exact gate sampled,salt04,0.028788764874271032,0.007971359785451037,0.96855701459376,0.94102452183314,0.08448123530547183,0.10331377457510935,0.8595610613113486
mnist,Exact gate sampled,salt10,0.0515643528873274,0.0187961600758128,0.9302098107444,0.8716295760320001,0.06812099983018534,0.1503432667808999,0.8246140410756578
mnist,Exact gate sampled,shift20,0.21535640923056,0.0771415423536,0.7268993325117538,0.5791075834890552,0.6485739459467275,0.349339283010027,0.41837216914725306
mnist,Exact softmax gate,balanced04,0.035296601203672,0.010663265406316,0.9575839395138,0.9201478313534,0.06180000000000001,0.1268,0.8466
mnist,Exact softmax gate,balanced10,0.07903245300866,0.02829209195072,0.8903911055396,0.8058714035286,0.1178,0.207,0.7336
mnist,Exact softmax gate,clean,0.006303055281092,0.000249234692798,0.9980707888703999,0.9971310555845999,0.024399999999999998,0.0544,0.9368
mnist,Exact softmax gate,pepper04,0.022356936448100002,0.005551275555642001,0.9753871066194,0.9541642196505999,0.059,0.07840000000000001,0.8842000000000001
mnist,Exact softmax gate,pepper10,0.045362367499052,0.012196683774084,0.9471636134904,0.9028952604070001,0.1098,0.1358,0.7888
mnist,Exact softmax gate,salt04,0.02708283368563,0.007667091914396,0.9698902719564001,0.9427322694994,0.06420000000000001,0.099,0.8666
mnist,Exact softmax gate,salt10,0.050637649516761994,0.018643112396114,0.9306843368758,0.8721749160796001,0.0568,0.14780000000000001,0.8288
mnist,Exact softmax gate,shift20,0.21449763100914002,0.07710357139363999,0.7278819958098,0.5801104953842601,0.6416000000000001,0.3476,0.42040000000000005
mnist,Input,balanced04,0.38935047286,0.040051020468099996,0.8538326614039999,0.748384179828,19.725,1.512,0.0
mnist,Input,balanced10,0.515483427599,0.099804846977,0.691860522659,0.5343582970840001,37.819,3.325,0.0
mnist,Input,clean,0.0,0.0,1.0,1.0,0.0,0.0,1.0
mnist,Input,pepper04,0.33783349353659997,0.014293367479440001,0.942978426854,0.893057130587,5.765,1.33,0.0
mnist,Input,pepper10,0.38693926422700003,0.02201913281901,0.912461408007,0.840061222907,5.802,2.637,0.0
mnist,Input,salt04,0.32070544903500003,0.0359145408703,0.869026981358,0.771922703176,19.603,0.511,0.0
mnist,Input,salt10,0.42328434935399994,0.0874834182656,0.735714170805,0.588232651078,37.276,0.952,0.0
mnist,Input,shift20,0.633292709943,0.200022958846,0.504029706281,0.34158798324600004,44.38,6.758,0.0
mnist,Learned local filter,balanced04,0.04161254638096,0.00824744896888,0.965251882341,0.933925448088,0.152,0.132,0.766
mnist,Learned local filter,balanced10,0.1503426420331,0.02054974490401,0.916748029249,0.848493134283,1.031,0.233,0.282
mnist,Learned local filter,clean,0.01724389560381,0.00244515306017,0.988885456562,0.9784093195939999,0.064,0.085,0.879
mnist,Learned local filter,pepper04,0.03919077530988,0.00675127550342,0.97039631852,0.9435923765850001,0.169,0.121,0.783
mnist,Learned local filter,pepper10,0.07970514678065,0.013832908160160001,0.939901206185,0.88877138135,0.37,0.215,0.604
mnist,Learned local filter,salt04,0.02813741626734,0.00559948979215,0.976770489936,0.955193074239,0.099,0.1,0.839
mnist,Learned local filter,salt10,0.10210478567872,0.01284566326054,0.9500239626579999,0.905905927959,0.748,0.113,0.432
mnist,Learned local filter,shift20,0.361064143442,0.0642270408152,0.760262685573,0.619386820732,6.654,0.482,0.0
mnist,No topology,balanced04,0.03470956071927,0.010166071528842,0.9602579438312,0.9242842459986,0.0506,0.1456,0.8383999999999999
mnist,No topology,balanced10,0.09358266020898,0.028234693974846,0.8917214117050001,0.8069874238246,0.225,0.2572,0.6452
mnist,No topology,clean,0.0061181234264200005,0.000194642857114,0.9992579654774001,0.9985854090706,0.013800000000000002,0.0648,0.9348
mnist,No topology,pepper04,0.022229043939466,0.005176020451812,0.9792482576943999,0.9596291680198,0.0636,0.081,0.8744
mnist,No topology,pepper10,0.048928261195208,0.011268877659796001,0.9544518807447999,0.9135721449138,0.1722,0.1392,0.749
mnist,No topology,salt04,0.025598712408408,0.007386989869682,0.971740762464,0.945522944198,0.034,0.12459999999999999,0.8677999999999999
mnist,No topology,salt10,0.055999757612298,0.014325000105714001,0.9440357253212,0.896150158842,0.131,0.1736,0.7487999999999999
mnist,No topology,shift20,0.27502699934668,0.0856961733545,0.7160789231892001,0.5637078962573999,1.3694000000000002,0.338,0.2078
mnist,O_square2,balanced04,0.17712777807731,0.01835331647713,0.915654832457,0.8509525858986,1.265,0.427,0.229
mnist,O_square2,balanced10,0.2761417804987,0.03641581644874,0.834004648584,0.722507660752,2.303,0.534,0.058
mnist,O_square2,clean,0.06608158511956,0.00570025513827,0.967889023105,0.943536824808,0.486,0.169,0.662
mnist,O_square2,pepper04,0.17534678978502,0.01777551032303,0.915763637641,0.851829553059,1.267,0.43,0.231
mnist,O_square2,pepper10,0.2745363282355,0.0345956633259,0.836962965586,0.7286560177976,2.245,0.534,0.06
mnist,O_square2,salt04,0.09769056630145001,0.00969005111568,0.952843609378,0.915359289543,0.65,0.259,0.501
mnist,O_square2,salt10,0.10459709474352999,0.01195153070605,0.9453639816930001,0.9013225619290001,0.659,0.274,0.486
mnist,O_square2,shift20,0.3871181001873,0.0696823979679,0.666425712876,0.507701188023,4.096,0.506,0.007
mnist,O_square3,balanced04,0.35548791546680003,0.07482142852234,0.5042528323409999,0.3923478676912,1.137,0.47,0.164
mnist,O_square3,balanced10,0.4067023220939,0.09230102040941,0.39401494411980004,0.2794049257072,1.184,0.483,0.157
mnist,O_square3,clean,0.28633028819235,0.05971556123422,0.588402299739,0.4907411702764,0.786,0.421,0.305
mnist,O_square3,pepper04,0.35188481411264,0.07522448978963,0.495370447888,0.38585136993560004,1.04,0.474,0.194
mnist,O_square3,pepper10,0.4184657957538,0.0947372448139,0.36650770538,0.25811441082250003,1.169,0.487,0.144
mnist,O_square3,salt04,0.30219987874112003,0.06255867338011,0.577691545465,0.47462470080880004,0.919,0.437,0.249
mnist,O_square3,salt10,0.29929675544607,0.06113392856201,0.5980155540859999,0.49113687618609997,0.945,0.435,0.238
mnist,O_square3,shift20,0.4630635494513,0.1142257652245,0.22190758177859998,0.13847740811470002,0.964,0.485,0.172
mnist,O_square4,balanced04,0.49341638464649995,0.11822448968554,0.133874855295,0.0914686430052,0.84,0.485,0.119
mnist,O_square4,balanced10,0.523958271644,0.126081632724,0.075115376204,0.0479046128826,0.9,0.484,0.081
mnist,O_square4,clean,0.45926363004264,0.10921173454603,0.195542030799,0.142529624754,0.772,0.476,0.155
mnist,O_square4,pepper04,0.49301972755044,0.11830229573041,0.133072067556,0.0907723631947,0.842,0.482,0.125
mnist,O_square4,pepper10,0.531255663721,0.1275012754158,0.061831717744,0.0388948209375,0.916,0.485,0.069
mnist,O_square4,salt04,0.46642813190634,0.11078188750664,0.186582519622,0.13424148174499997,0.801,0.481,0.142
mnist,O_square4,salt10,0.45625091935203,0.10926785703647,0.202601868617,0.1453907030375,0.768,0.478,0.168
mnist,O_square4,shift20,0.55544397613,0.1326428571037,0.018698393749,0.010738644216299999,0.974,0.485,0.034
mnist,Oracle (diagnostic),balanced04,0.02380508252991,0.01041581642386,0.959238058925,0.923203002182,0.02,0.046,0.938
mnist,Oracle (diagnostic),balanced10,0.06532354972728,0.02885331645065,0.88981064217,0.805249659073,0.044,0.135,0.839
mnist,Oracle (diagnostic),clean,0.0,0.0,1.0,1.0,0.0,0.0,1.0
mnist,Oracle (diagnostic),pepper04,0.01584523027098,0.00578954085854,0.975932885824,0.954451139102,0.018,0.044,0.941
mnist,Oracle (diagnostic),pepper10,0.035909962590399996,0.012492347027220001,0.946367696335,0.901822117744,0.052,0.098,0.872
mnist,Oracle (diagnostic),salt04,0.013475646061939999,0.00591709188349,0.976753954122,0.955148605712,0.013,0.024,0.965
mnist,Oracle (diagnostic),salt10,0.02722050262558,0.01309948988552,0.949616346005,0.906320499618,0.018,0.035,0.948
mnist,Oracle (diagnostic),shift20,0.1563741684386,0.07565561228750001,0.737630482507,0.591539692176,0.155,0.278,0.66
mnist,Soft morphology,balanced04,0.1249626188855,0.04935586742394,0.821895197129,0.704145127257,0.161,0.32,0.628
mnist,Soft morphology,balanced10,0.18395861087,0.08868622426650001,0.7367787284349999,0.5879114979869999,0.26,0.362,0.527
mnist,Soft morphology,clean,0.11831355348323,0.03599489804334,0.8416040429560001,0.7416575112573001,0.208,0.318,0.605
mnist,Soft morphology,pepper04,0.1241923488114,0.038534438851460004,0.835538728788,0.7310041193524001,0.225,0.327,0.586
mnist,Soft morphology,pepper10,0.13505750266167,0.04021045923087,0.8197352830144,0.7114002793224,0.268,0.336,0.561
mnist,Soft morphology,salt04,0.1225856961369,0.04992091840454,0.82282360014,0.704636144018,0.122,0.326,0.643
mnist,Soft morphology,salt10,0.1810068755179,0.092506377423,0.733375286164,0.582916390278,0.221,0.35,0.552
mnist,Soft morphology,shift20,0.43489005214299997,0.264984693358,0.491386264352,0.330833618963,1.285,0.584,0.119
mnist,Three openings,balanced04,0.17627412506751,0.01870816341725,0.9143663883532,0.8489788482284,1.263,0.4138,0.23
mnist,Three openings,balanced10,0.2744349431869,0.03726428582228,0.8300459763019999,0.717267296119,2.2884,0.5012,0.063
mnist,Three openings,clean,0.06643178021052,0.005820918405376,0.9675238670272001,0.9428782044984,0.486,0.1708,0.661
mnist,Three openings,pepper04,0.17432414584832,0.018062245014670002,0.9146136148002,0.8500767297413999,1.2638,0.4162,0.236
mnist,Three openings,pepper10,0.2734588981826,0.03505765310974,0.8351875355028,0.7262345295536,2.2426,0.5177999999999999,0.062
mnist,Three openings,salt04,0.09702290535759,0.009792091930910001,0.9525637822,0.9148497686570001,0.65,0.252,0.505
mnist,Three openings,salt10,0.104044941876112,0.012210969474766001,0.9444574165652,0.8998561408482,0.6597999999999999,0.2682,0.4908
mnist,Three openings,shift20,0.3868476603533,0.06972448980689999,0.6661228583969999,0.507362050797,4.093,0.505,0.008
mnist,Training best,balanced04,0.0338420218903,0.01013137765038,0.960234443843,0.924288962849,0.044,0.143,0.843
mnist,Training best,balanced10,0.08111975955530001,0.02761989807593,0.894671265801,0.811776169074,0.171,0.188,0.706
mnist,Training best,clean,0.011421573527,0.00058163266209,0.997744025525,0.995679494974,0.024,0.112,0.888
mnist,Training best,pepper04,0.0257054423713,0.0055676020911400005,0.977402338435,0.956291222197,0.063,0.124,0.846
mnist,Training best,pepper10,0.04761268322955,0.011701530719660002,0.951938105208,0.90937413328,0.134,0.166,0.754
mnist,Training best,salt04,0.02526889717449,0.00741071436031,0.971593829397,0.9452927739010001,0.03,0.124,0.871
mnist,Training best,salt10,0.05466138746206,0.01991581647481,0.927527058407,0.866239305737,0.075,0.152,0.807
mnist,Training best,shift20,0.3056093329496,0.0901352039906,0.7043037941520001,0.549940782936,1.752,0.335,0.12
mnist,Uniform sampled,balanced04,0.2880079941111,0.0629701699086,0.6847854923710001,0.592629427612,3.96883870038,0.43799999678339996,0.2179354778459
mnist,Uniform sampled,balanced10,0.36956704186399997,0.11630015497559999,0.578471803269,0.461845075194,6.02829032285,0.5734838641189,0.1531290276606
mnist,Uniform sampled,clean,0.1836760412862,0.03818400530662,0.751524979919,0.6996359244279999,0.5510322522912,0.3281612878029,0.48735483043760003
mnist,Uniform sampled,pepper04,0.2650028770678,0.0478088404468,0.71120782701,0.638791357578,1.769419353889,0.41341935182920003,0.2375161227788
mnist,Uniform sampled,pepper10,0.29875019361800004,0.055662114350499996,0.6669654757,0.583988548729,1.96019354875,0.4831290272941,0.1944193490369
mnist,Uniform sampled,salt04,0.26575349045159996,0.0588165747,0.7078637647839999,0.621678515736,3.81987096209,0.3762580616174,0.25674192902869997
mnist,Uniform sampled,salt10,0.318776198126,0.1048617919348,0.642394321868,0.536995548464,5.67200000051,0.4464516072509,0.22203225189829998
mnist,Uniform sampled,shift20,0.479085611613,0.214109116893,0.425298480021,0.301321658571,6.3428709662900005,0.950838707394,0.11151612567540001
mnist,Validation best,balanced04,0.0338420218903,0.01013137765038,0.960234443843,0.924288962849,0.044,0.143,0.843
mnist,Validation best,balanced10,0.08111975955530001,0.02761989807593,0.894671265801,0.811776169074,0.171,0.188,0.706
mnist,Validation best,clean,0.011421573527,0.00058163266209,0.997744025525,0.995679494974,0.024,0.112,0.888
mnist,Validation best,pepper04,0.0257054423713,0.0055676020911400005,0.977402338435,0.956291222197,0.063,0.124,0.846
mnist,Validation best,pepper10,0.04761268322955,0.011701530719660002,0.951938105208,0.90937413328,0.134,0.166,0.754
mnist,Validation best,salt04,0.02526889717449,0.00741071436031,0.971593829397,0.9452927739010001,0.03,0.124,0.871
mnist,Validation best,salt10,0.05466138746206,0.01991581647481,0.927527058407,0.866239305737,0.075,0.152,0.807
mnist,Validation best,shift20,0.3056093329496,0.0901352039906,0.7043037941520001,0.549940782936,1.752,0.335,0.12
mnist,area16,balanced04,0.04226390236839,0.011547193991300001,0.955362651099,0.915879834308,0.043,0.22,0.78
mnist,area16,balanced10,0.0814623466264,0.02869132664919,0.8894136079180001,0.804482343328,0.096,0.263,0.704
mnist,area16,clean,0.022316501351300002,0.00206122452226,0.991863168657,0.9855905224089999,0.035,0.198,0.811
mnist,area16,pepper04,0.03533047832288,0.00711607148858,0.969205650378,0.943732691326,0.059,0.204,0.786
mnist,area16,pepper10,0.05477453590307,0.01327806133464,0.942480072123,0.8954024662550001,0.102,0.24,0.715
mnist,area16,salt04,0.03559435001102,0.0089056123265,0.9662990743609999,0.935993908766,0.038,0.211,0.796
mnist,area16,salt10,0.05777233620906,0.020998724600350002,0.924442331062,0.861072897553,0.036,0.234,0.781
mnist,area16,shift20,0.1837338674215,0.074073979564,0.744529704066,0.598338894008,0.335,0.361,0.489
mnist,area3,balanced04,0.07056923836874,0.011211734812119999,0.95602562868,0.916551621016,0.432,0.093,0.586
mnist,area3,balanced10,0.28697386236260003,0.044301020494530004,0.838363474515,0.725662692686,3.895,0.213,0.013
mnist,area3,clean,0.0049102857002,0.00010076530466,0.9996008591040001,0.999211435559,0.01,0.054,0.944
mnist,area3,pepper04,0.02187681896264,0.00514030616533,0.979354296386,0.959831020998,0.064,0.076,0.876
mnist,area3,pepper10,0.04966360608601,0.01123214296516,0.954645151059,0.9139006677160001,0.178,0.138,0.744
mnist,area3,salt04,0.06064821141028,0.00847448987909,0.96710957385,0.936953401136,0.407,0.076,0.614
mnist,area3,salt10,0.26164190652686,0.036135204123549994,0.871097360319,0.775290636563,3.731,0.136,0.021
mnist,area3,shift20,0.470077773901,0.1437283160878,0.5964947253840001,0.431221813336,12.178,0.705,0.0
mnist,area32,balanced04,0.06090078905622,0.01592602051523,0.937759847569,0.889933704275,0.054,0.348,0.688
mnist,area32,balanced10,0.0965572276036,0.03282908171269,0.868445282279,0.7786618225030001,0.073,0.373,0.652
mnist,area32,clean,0.0428577031466,0.0066122449484,0.974627340671,0.95740070165,0.051,0.339,0.7
mnist,area32,pepper04,0.05788655108406,0.011992346979289999,0.944400034603,0.9096689433630001,0.065,0.343,0.684
mnist,area32,pepper10,0.07618063256776,0.01845408172366,0.90991236525,0.854649922183,0.087,0.357,0.658
mnist,area32,salt04,0.05491918061354,0.013178571474,0.950506810675,0.911346611864,0.05,0.349,0.691
mnist,area32,salt10,0.07595197670339,0.02541581642577,0.9094184430179999,0.8391830513449999,0.049,0.367,0.681
mnist,area32,shift20,0.1719050954736,0.07492474492659999,0.730940112196,0.585610440546,0.141,0.418,0.575
mnist,area8,balanced04,0.0338420218903,0.01013137765038,0.960234443843,0.924288962849,0.044,0.143,0.843
mnist,area8,balanced10,0.08111975955530001,0.02761989807593,0.894671265801,0.811776169074,0.171,0.188,0.706
mnist,area8,clean,0.011421573527,0.00058163266209,0.997744025525,0.995679494974,0.024,0.112,0.888
mnist,area8,pepper04,0.0257054423713,0.0055676020911400005,0.977402338435,0.956291222197,0.063,0.124,0.846
mnist,area8,pepper10,0.04761268322955,0.011701530719660002,0.951938105208,0.90937413328,0.134,0.166,0.754
mnist,area8,salt04,0.02526889717449,0.00741071436031,0.971593829397,0.9452927739010001,0.03,0.124,0.871
mnist,area8,salt10,0.05466138746206,0.01991581647481,0.927527058407,0.866239305737,0.075,0.152,0.807
mnist,area8,shift20,0.3056093329496,0.0901352039906,0.7043037941520001,0.549940782936,1.752,0.335,0.12
mnist,gaussian06,balanced04,0.17108560351174001,0.01225637767657,0.9511772748189999,0.907895976057,1.433,0.272,0.182
mnist,gaussian06,balanced10,0.3678449770046,0.0457665817159,0.832001801777,0.7161133599549999,7.458,0.852,0.001
mnist,gaussian06,clean,0.004758329845499999,0.00013265305905,0.999380026103,0.998773594918,0.011,0.048,0.948
mnist,gaussian06,pepper04,0.05777350155743,0.00548086738682,0.977707870365,0.956753235873,0.189,0.236,0.665
mnist,gaussian06,pepper10,0.12273158980082999,0.01246683685888,0.949600871964,0.904801424065,0.301,0.621,0.4
mnist,gaussian06,salt04,0.14557775749197,0.00906760213821,0.963902503624,0.931100005332,1.373,0.13,0.216
mnist,gaussian06,salt10,0.2955217852,0.0362908164031,0.869207612264,0.772440275793,7.168,0.282,0.0
mnist,gaussian06,shift20,0.550213984658,0.13331632623140002,0.6071982026939999,0.441744298986,18.026,2.723,0.0
mnist,gaussian10,balanced04,0.0682182688053,0.01499489808859,0.933162492213,0.879009572628,0.255,0.182,0.699
mnist,gaussian10,balanced10,0.11203216659224001,0.02435586747108,0.896120137943,0.8165018833000001,0.485,0.251,0.54
mnist,gaussian10,clean,0.047529750800130006,0.00950000009673,0.9556530039819999,0.918659212657,0.158,0.163,0.766
mnist,gaussian10,pepper04,0.07065189977839999,0.014457908280970001,0.932171823839,0.87818004176,0.278,0.185,0.684
mnist,gaussian10,pepper10,0.11894854524873,0.022832908278449998,0.8915343772759999,0.812329027851,0.553,0.261,0.519
mnist,gaussian10,salt04,0.052591837858059994,0.012312500127710001,0.946636179813,0.90156780355,0.167,0.16,0.758
mnist,gaussian10,salt10,0.06331340522189,0.01752168383342,0.93113447218,0.8732399872790001,0.185,0.171,0.733
mnist,gaussian10,shift20,0.28238590343240005,0.0500140306062,0.796800592013,0.669243514749,2.395,0.362,0.067
mnist,median3,balanced04,0.0728484266942,0.01800510218051,0.922474341682,0.860285883845,0.266,0.171,0.71
mnist,median3,balanced10,0.141422428306,0.02934311236892,0.8778702480880001,0.787141940973,0.71,0.259,0.443
mnist,median3,clean,0.050158820282299996,0.01111734704324,0.950146147306,0.9085137630210001,0.172,0.151,0.776
mnist,median3,pepper04,0.07183273330308,0.01625510217632,0.926708812516,0.868066563149,0.281,0.17,0.707
mnist,median3,pepper10,0.11442446201464,0.02416709200422,0.8895950098700001,0.8074770092369999,0.525,0.237,0.563
mnist,median3,salt04,0.05706213220257,0.01522831646111,0.935621923884,0.8822603587969999,0.174,0.149,0.77
mnist,median3,salt10,0.09072759958880999,0.02266709200694,0.91133240446,0.8401685527839999,0.393,0.158,0.62
mnist,median3,shift20,0.3392783576686,0.0614094386612,0.760631445422,0.62086000973,4.586,0.389,0.01
mnist,median5,balanced04,0.2454037280486,0.05822066322253,0.6774295841129,0.5533757053843,0.782,0.41,0.353
mnist,median5,balanced10,0.261790630902,0.06241964283716,0.6713356267575,0.5383017373432,0.983,0.41,0.311
mnist,median5,clean,0.2308490285011,0.0557729592316,0.6812174805099,0.5627771587611999,0.635,0.402,0.402
mnist,median5,pepper04,0.2566471702757,0.0608686224441,0.6460199591023,0.5228897510821,0.754,0.414,0.369
mnist,median5,pepper10,0.29645911427390004,0.07022066325609999,0.5786661187561,0.45067945097019996,0.858,0.434,0.31
mnist,median5,salt04,0.225111972361,0.054274234633,0.7071143313349001,0.5859438364707,0.697,0.399,0.39
mnist,median5,salt10,0.2017621079726,0.053515306110899996,0.7449380988957001,0.6210569502496001,0.655,0.375,0.435
mnist,median5,shift20,0.3097071098488,0.07333928564219999,0.6404328211605,0.4960125789586,1.503,0.436,0.196
shapes,Classical best,balanced04,0.029585352302024047,0.004450741791088177,0.9773383189478958,0.9562309565871744,0.03006012024048096,0.3026052104208417,0.779559118236473
shapes,Classical best,balanced10,0.08308508742300601,0.013707101700320641,0.9317656048336673,0.8747316778096192,0.312625250501002,0.4589178356713427,0.4969939879759519
shapes,Classical best,clean,0.010012193483166332,0.00018526637045891784,0.99935557798998,0.9987223608216432,0.0,0.20040080160320642,0.8697394789579158
shapes,Classical best,pepper04,0.026066991560182363,0.0026024271162084166,0.9875409150521043,0.9755597123246492,0.018036072144288578,0.3306613226452906,0.7615230460921844
shapes,Classical best,pepper10,0.04652330549957916,0.0054805792378136275,0.972865608274549,0.9477308569378757,0.04809619238476954,0.503006012024048,0.6533066132264529
shapes,Classical best,salt04,0.020183757768392787,0.003271299581975952,0.983669418002004,0.9681501645390782,0.018036072144288578,0.23046092184368738,0.8356713426853707
shapes,Classical best,salt10,0.06453000392042084,0.010051352733384769,0.9494415130961924,0.9056848735591182,0.3527054108216433,0.2725450901803607,0.5511022044088176
shapes,Classical best,shift20,0.37976952724248497,0.06942009014348698,0.7041684360641283,0.5604143926386773,7.092184368737475,0.7034068136272545,0.0
shapes,Conditional mean mask,balanced04,0.029585352251763525,0.004450741761310621,0.977338317503006,0.9562309557695391,0.03006012024048096,0.3026052104208417,0.779559118236473
shapes,Conditional mean mask,balanced10,0.06819586079292586,0.013205925740817635,0.9354410139190381,0.8809484223102204,0.08376753507014027,0.5366733466933868,0.6044088176352705
shapes,Conditional mean mask,clean,0.01001219344228457,0.00018526636605611222,0.9993555776833667,0.9987223604909821,0.0,0.20040080160320642,0.8697394789579158
shapes,Conditional mean mask,pepper04,0.026066991544182367,0.00260242707602004,0.9875409141122244,0.9755597117955912,0.018036072144288578,0.3306613226452906,0.7615230460921844
shapes,Conditional mean mask,pepper10,0.046523305489879756,0.005480579213871743,0.9728656073246493,0.9477308566653306,0.04809619238476954,0.503006012024048,0.6533066132264529
shapes,Conditional mean mask,salt04,0.020183757706148296,0.0032712995433226456,0.9836694164208416,0.9681501648697395,0.018036072144288578,0.23046092184368738,0.8356713426853707
shapes,Conditional mean mask,salt10,0.051468016323014024,0.00959523213038477,0.951960033775551,0.9105698835458917,0.19198396793587175,0.31102204408817635,0.6549098196392786
shapes,Conditional mean mask,shift20,0.2060253708515431,0.04188150606683367,0.807828688935471,0.6873226507695391,0.9482965931863727,0.7783567134268536,0.2028056112224449
shapes,Conditional sampled,balanced04,0.030529733320255308,0.0045520229605933065,0.9766365709306614,0.9549629210200401,0.03275815917319257,0.30900623628375845,0.7729305857222086
shapes,Conditional sampled,balanced10,0.07071284433224048,0.013325018865478959,0.9346723963134268,0.8796506350817636,0.11559717439359768,0.534471191935767,0.5903935350277253
shapes,Conditional sampled,clean,0.010957226899456926,0.00044233463071653814,0.997947691311022,0.9960188647470942,0.005818787850144651,0.19753931047216183,0.8636437449494297
shapes,Conditional sampled,pepper04,0.027202978256333984,0.002764863780412766,0.9864780398008016,0.9735787388136272,0.023980164221315957,0.3325519746722216,0.7541897391300935
shapes,Conditional sampled,pepper10,0.04775235598427752,0.005561027631781908,0.9724047752653306,0.9469029681579159,0.04942677599015012,0.5135028691334093,0.6447409596199999
shapes,Conditional sampled,salt04,0.02104466782920654,0.003369584009514024,0.9830618395306613,0.9670465504268537,0.02033151596622116,0.23728366307888954,0.8291296691189073
shapes,Conditional sampled,salt10,0.05151504234813627,0.009449210603769138,0.9527807735579159,0.912034153692986,0.18294445277619129,0.3236784674069472,0.6528717843927694
shapes,Conditional sampled,shift20,0.2310127222412024,0.04592692546971142,0.790997937214028,0.6683717256440882,1.8563454039207374,0.7649102557296672,0.18022875570402733
shapes,Conditional selector,balanced04,0.029585352302024047,0.004450741791088177,0.9773383189478958,0.9562309565871744,0.03006012024048096,0.3026052104208417,0.779559118236473
shapes,Conditional selector,balanced10,0.06819586091468939,0.013205925742901805,0.9354410132853707,0.8809484238749499,0.08376753507014027,0.5366733466933868,0.6044088176352705
shapes,Conditional selector,clean,0.010012193483166332,0.00018526637045891784,0.99935557798998,0.9987223608216432,0.0,0.20040080160320642,0.8697394789579158
shapes,Conditional selector,pepper04,0.026066991560182363,0.0026024271162084166,0.9875409150521043,0.9755597123246492,0.018036072144288578,0.3306613226452906,0.7615230460921844
shapes,Conditional selector,pepper10,0.04652330549957916,0.0054805792378136275,0.972865608274549,0.9477308569378757,0.04809619238476954,0.503006012024048,0.6533066132264529
shapes,Conditional selector,salt04,0.020183757768392787,0.003271299581975952,0.983669418002004,0.9681501645390782,0.018036072144288578,0.23046092184368738,0.8356713426853707
shapes,Conditional selector,salt10,0.0513891913925002,0.009550698654552705,0.9521849292957917,0.910992886404008,0.19238476953907815,0.31102204408817635,0.655310621242485
shapes,Conditional selector,shift20,0.2060253710886974,0.041881506017915834,0.8078286900048096,0.6873226518436875,0.9482965931863727,0.7783567134268536,0.2028056112224449
shapes,Exact gate sampled,balanced04,0.03831301800610433,0.0051671733672559485,0.9740922545911823,0.9506852947843687,0.15885130335670608,0.3778690500070199,0.7330857013874016
shapes,Exact gate sampled,balanced10,0.07308622974013627,0.013596837019867736,0.9325415144728256,0.8776008895638878,0.1759335115116848,0.5600273918988564,0.5853706540655454
shapes,Exact gate sampled,clean,0.0069506161751814255,8.379902087388177e-05,0.9996783078897796,0.9993617442420842,0.0001791253569451853,0.14528177930399366,0.8937182346330301
shapes,Exact gate sampled,pepper04,0.02805425136119233,0.0027454679873620503,0.9864811078316633,0.9737268570729459,0.04391714560535648,0.30976379858931546,0.75371437398007
shapes,Exact gate sampled,pepper10,0.05591672897840698,0.005867536799593496,0.9705892553076219,0.9444455392688923,0.09367537777964625,0.5303806150177736,0.5947424035230245
shapes,Exact gate sampled,salt04,0.026561591072723698,0.003753268731766274,0.9809248982693387,0.9634072777078156,0.09325732862197234,0.2875070077736988,0.7974443865427815
shapes,Exact gate sampled,salt10,0.05410221138655712,0.009925927444306613,0.9509228623166333,0.9090172496244489,0.17332272352680203,0.40841852762100694,0.6466436192404494
shapes,Exact gate sampled,shift20,0.2662709392771142,0.06263445096013226,0.7630219094933868,0.6376838585991984,4.527539716575203,1.0686892820893417,0.156738964387551
shapes,Exact softmax gate,balanced04,0.03560386390675351,0.004800051522793187,0.9755063453935872,0.9529923734012025,0.04168336673346693,0.36713426853707415,0.7418837675350701
shapes,Exact softmax gate,balanced10,0.07204519866386774,0.013371534736104208,0.9335939555426853,0.8788072170697394,0.10661322645290582,0.5575150300601203,0.5879759519038076
shapes,Exact softmax gate,clean,0.006912586910180361,8.002115450460922e-05,0.9996923314272544,0.9993888105342685,0.0,0.14468937875751503,0.8937875751503006
shapes,Exact softmax gate,pepper04,0.027378580631004807,0.00266713987468016,0.9868181557527054,0.9743293825110221,0.03406813627254509,0.3066132264529058,0.7571142284569139
shapes,Exact softmax gate,pepper10,0.05383776248393467,0.0057691772649575155,0.970980404355511,0.9450449378252506,0.08016032064128256,0.5130260521042084,0.6032064128256514
shapes,Exact softmax gate,salt04,0.025213401383991984,0.00357207474060521,0.981547967668537,0.9644502775987975,0.021242484969939877,0.2845691382765531,0.802004008016032
shapes,Exact softmax gate,salt10,0.0533694879071503,0.00975388279119038,0.9516634830380761,0.9098771580653306,0.11623246492985972,0.40681362725450904,0.6488977955911824
shapes,Exact softmax gate,shift20,0.2589908724896192,0.05398070446509018,0.7786864393759519,0.6519549329366733,8.24689378757515,1.6448897795591182,0.1587174348697395
shapes,Input,balanced04,0.46681660181162327,0.039793127887374755,0.8005874316492986,0.6838563794709419,64.28456913827655,6.4969939879759515,0.0
shapes,Input,balanced10,0.5584692091482966,0.10012037960561121,0.6243888875791582,0.47222322458476956,122.71142284569139,14.490981963927856,0.0
shapes,Input,clean,0.0,0.0,1.0,1.0,0.0,0.0,1.0
shapes,Input,pepper04,0.4094544506733467,0.013587939809438877,0.921311534016032,0.8588763539318637,18.276553106212425,6.280561122244489,0.0
shapes,Input,pepper10,0.43483886317635273,0.02045410262737475,0.8907031358617234,0.8071500372885773,18.18637274549098,13.142284569138276,0.0
shapes,Input,salt04,0.4015300744709419,0.03664099024168337,0.8133537400901804,0.7031532515210421,64.625250501002,1.8016032064128256,0.0
shapes,Input,salt10,0.49822092288777553,0.08921575779338678,0.6651786952605211,0.5201175957302605,121.84168336673346,2.4208416833667337,0.0
shapes,Input,shift20,0.659861787767535,0.20011811815230462,0.4458955730212425,0.29922598207394785,141.80761523046093,25.1563126252505,0.0
shapes,Learned local filter,balanced04,0.041624254016120237,0.0048012692049499,0.9731284654188377,0.9487015476292585,0.07615230460921844,0.3907815631262525,0.6993987975951904
shapes,Learned local filter,balanced10,0.16723423867486975,0.010063529836252506,0.9449101119679358,0.8986320154168337,1.470941883767535,0.593186372745491,0.1402805611222445
shapes,Learned local filter,clean,0.01700502900106012,0.0031912783897114225,0.9816229877895791,0.9645015763627254,0.004008016032064128,0.18236472945891782,0.8797595190380761
shapes,Learned local filter,pepper04,0.043945540398238475,0.004600346526448898,0.9729791539358718,0.9491137802545091,0.06012024048096192,0.4348697394789579,0.6813627254509018
shapes,Learned local filter,pepper10,0.08241445093681363,0.007432399520713427,0.9567935374088177,0.9202006586452905,0.20440881763527055,0.6633266533066132,0.5250501002004008
shapes,Learned local filter,salt04,0.02874835262983166,0.00396191688864529,0.9778432416152304,0.9574466490420841,0.06012024048096192,0.2665330661322645,0.779559118236473
shapes,Learned local filter,salt10,0.12761756721412826,0.00732715430852505,0.9604113217935871,0.9255465536533066,1.3727454909819639,0.2725450901803607,0.19438877755511022
shapes,Learned local filter,shift20,0.4076323362665331,0.040456781619038075,0.7951470571202405,0.6741961846693387,16.619238476953907,1.719438877755511,0.0
shapes,No topology,balanced04,0.0296364673506012,0.004452655340390782,0.9773116885002003,0.9561841096537075,0.03006012024048096,0.3030060120240481,0.7791583166332665
shapes,No topology,balanced10,0.07460083005316634,0.013447206913935873,0.9341200388484969,0.8787506186829659,0.13547094188376752,0.5579158316633266,0.5707414829659319
shapes,No topology,clean,0.010012193483166332,0.00018526637045891784,0.99935557798998,0.9987223608216432,0.0,0.20040080160320642,0.8697394789579158
shapes,No topology,pepper04,0.026066991560182363,0.0026024271162084166,0.9875409150521043,0.9755597123246492,0.018036072144288578,0.3306613226452906,0.7615230460921844
shapes,No topology,pepper10,0.04652330549957916,0.0054805792378136275,0.972865608274549,0.9477308569378757,0.04809619238476954,0.503006012024048,0.6533066132264529
shapes,No topology,salt04,0.020183757768392787,0.003271299581975952,0.983669418002004,0.9681501645390782,0.018036072144288578,0.23046092184368738,0.8356713426853707
shapes,No topology,salt10,0.10520540725653306,0.008569743695509018,0.955000558553507,0.9159820912140281,0.33947895791583166,0.8304609218436874,0.42565130260521045
shapes,No topology,shift20,0.25845751628136276,0.05061998996306613,0.7649089612136272,0.6418227127184369,2.9010020040080158,0.7647294589178357,0.16112224448897797
shapes,O_square2,balanced04,0.2242529261198998,0.012538097048833668,0.9216140876292584,0.8659784807835671,0.7575150300601202,3.1482965931863727,0.07214428857715431
shapes,O_square2,balanced10,0.30314987899699397,0.025181439289398796,0.8572309754689379,0.7618538915971943,1.4108216432865732,4.759519038076152,0.02404809619238477
shapes,O_square2,clean,0.09216566664038478,0.0051370101571422844,0.9544498831142285,0.9285004011282565,0.44889779559118237,0.6412825651302605,0.5551102204408818
shapes,O_square2,pepper04,0.22149917605316632,0.012547664809673348,0.920140089757515,0.8660231352825651,0.7094188376753507,2.9839679358717435,0.0841683366733467
shapes,O_square2,pepper10,0.29059273163967936,0.024212487462084167,0.8576506101823648,0.7649483671663327,1.2565130260521042,4.741482965931864,0.04408817635270541
shapes,O_square2,salt04,0.15786198204000002,0.0070662157961082165,0.9485618858176352,0.9138539875310621,0.561122244488978,1.2084168336673347,0.21442885771543085
shapes,O_square2,salt10,0.16494030000803206,0.007961235010565131,0.9454068665531062,0.9070152530621242,0.6933867735470942,1.186372745490982,0.21042084168336672
shapes,O_square2,shift20,0.45660362019038075,0.05146403911216433,0.711294967819038,0.5613101636034068,5.400801603206413,3.1462925851703405,0.004008016032064128
shapes,O_square3,balanced04,0.24686255662761525,0.027857798932344687,0.7970456751523046,0.7065474948875752,0.6352705410821643,1.719438877755511,0.14228456913827656
shapes,O_square3,balanced10,0.3105752568971944,0.0485189128703006,0.6800755070501002,0.5458163540130261,1.0521042084168337,1.4428857715430863,0.11823647294589178
shapes,O_square3,clean,0.17059135119353508,0.016406945895122246,0.8556710022925852,0.8007765033539078,0.561122244488978,1.0480961923847696,0.3787575150300601
shapes,O_square3,pepper04,0.24272566721222447,0.0283283580981002,0.7917748141062124,0.7013816089496994,0.6372745490981964,1.6332665330661322,0.14829659318637275
shapes,O_square3,pepper10,0.30852672294509015,0.048545006663827654,0.6698414511543086,0.538001658647495,0.9098196392785571,1.5110220440881763,0.13627254509018036
shapes,O_square3,salt04,0.1984774863318637,0.018879773467533067,0.8445902105230462,0.7814053489410822,0.5851703406813628,1.1362725450901803,0.24248496993987975
shapes,O_square3,salt10,0.19553771540637074,0.018477058268420842,0.8523307348957916,0.7879714490543086,0.6072144288577155,1.1442885771543085,0.25250501002004005
shapes,O_square3,shift20,0.4342932557539078,0.08050649902593186,0.43147720026693387,0.29189051827414825,2.056112224448898,1.1082164328657316,0.09218436873747494
shapes,O_square4,balanced04,0.2650225766679158,0.042523414865911824,0.6875550306112225,0.5778809587352706,0.6232464929859719,1.1763527054108216,0.22845691382765532
shapes,O_square4,balanced10,0.3772533087765531,0.07364990383737474,0.47328738083166333,0.3396237373282565,1.0160320641282565,1.1082164328657316,0.17034068136272545
shapes,O_square4,clean,0.19314946653731263,0.022804289115296594,0.7977701381743487,0.7391406657052104,0.5070140280561122,1.094188376753507,0.3627254509018036
shapes,O_square4,pepper04,0.26453948517214426,0.04181540150729459,0.6919992674148296,0.5839388398174349,0.6112224448897795,1.2104208416833668,0.218436873747495
shapes,O_square4,pepper10,0.38184618205731463,0.07376297723472947,0.4620454372985972,0.3311941870126252,1.0701402805611222,1.094188376753507,0.1402805611222445
shapes,O_square4,salt04,0.21444483291745492,0.026941034841306614,0.7757584135711423,0.7049306184148297,0.531062124248497,1.0861723446893787,0.28256513026052105
shapes,O_square4,salt10,0.21455141323568935,0.026888847041773547,0.776849189997996,0.7054945831661322,0.5170340681362725,1.1062124248496994,0.2985971943887776
shapes,O_square4,shift20,0.51907427001002,0.1063768160591984,0.14561947568597194,0.08585566146132265,1.2064128256513027,1.0981963927855711,0.1282565130260521
shapes,Oracle (diagnostic),balanced04,0.023431151733827656,0.005145708109350702,0.9754710235671342,0.9531793373306613,0.04208416833667335,0.1683366733466934,0.8356713426853707
shapes,Oracle (diagnostic),balanced10,0.05810662067132265,0.014726501624853708,0.9309069375971943,0.8737279975290582,0.052104208416833664,0.3927855711422846,0.687374749498998
shapes,Oracle (diagnostic),clean,0.0,0.0,1.0,1.0,0.0,0.0,1.0
shapes,Oracle (diagnostic),pepper04,0.016996074252326653,0.0034452586053486975,0.9845211175130261,0.9705404838937877,0.02004008016032064,0.156312625250501,0.8537074148296593
shapes,Oracle (diagnostic),pepper10,0.032238117595753506,0.005918086189466934,0.9719410789719438,0.9470596653867736,0.03807615230460922,0.2865731462925852,0.7535070140280561
shapes,Oracle (diagnostic),salt04,0.012726550177937876,0.0032921746597094187,0.9847882029418837,0.9704761106312625,0.01603206412825651,0.10821643286573146,0.8957915831663327
shapes,Oracle (diagnostic),salt10,0.0267919894396012,0.00750633213462525,0.9646165783206413,0.9334303492965932,0.056112224448897796,0.1523046092184369,0.8356713426853707
shapes,Oracle (diagnostic),shift20,0.13315329270480963,0.03627654613533066,0.8309329066653307,0.7190679100941885,0.1523046092184369,0.749498997995992,0.4709418837675351
shapes,Soft morphology,balanced04,0.11376800632887775,0.01522402446808016,0.9040417933166333,0.8438597139987977,0.3466933867735471,0.7575150300601202,0.48897795591182364
shapes,Soft morphology,balanced10,0.11805991175246494,0.01950602600270942,0.8911110108869739,0.8189626773144288,0.2925851703406814,0.7775551102204409,0.4649298597194389
shapes,Soft morphology,clean,0.11345184306821643,0.013660132763787575,0.9068797222585171,0.8524051567094189,0.3847695390781563,0.7314629258517034,0.501002004008016
shapes,Soft morphology,pepper04,0.12172494792016032,0.015059633194168337,0.8988205577198397,0.838595460644489,0.3667334669338677,0.8096192384769539,0.46893787575150303
shapes,Soft morphology,pepper10,0.1413097114453507,0.017472444913206413,0.8789136096388778,0.8104202888450901,0.4148296593186373,0.9158316633266533,0.4188376753507014
shapes,Soft morphology,salt04,0.11118630674438877,0.015089206220589178,0.9072627773326654,0.8482048574136272,0.34468937875751504,0.7374749498997996,0.48697394789579157
shapes,Soft morphology,salt10,0.1086447215438477,0.021089053076937876,0.8963300565290581,0.821640004477555,0.24849699398797595,0.7194388777555111,0.48897795591182364
shapes,Soft morphology,shift20,0.19977004106432864,0.034636982242184366,0.8389318956733467,0.7330420479398797,1.006012024048096,0.8196392785571143,0.19839679358717435
shapes,Three openings,balanced04,0.1840525756428577,0.02369304581327174,0.8695428049362726,0.7816435396068137,0.7206412825651303,1.4941883767535071,0.2561122244488978
shapes,Three openings,balanced10,0.27727332416288575,0.029677236401434867,0.822403393503006,0.7120743033078156,1.3138276553106212,3.9883767535070143,0.12745490981963928
shapes,Three openings,clean,0.09468574762549899,0.005331670314368738,0.9536578321511022,0.9270265826076152,0.44889779559118237,0.6685370741482967,0.5370741482965932
shapes,Three openings,pepper04,0.18230614586661323,0.023289634847795594,0.8694288542172345,0.7846886624765531,0.6581162324649298,1.644488977955912,0.2625250501002004
shapes,Three openings,pepper10,0.2690063868979559,0.02970994070177956,0.8178521730993988,0.7085468681943888,1.2084168336673347,3.919438877755511,0.1462925851703407
shapes,Three openings,salt04,0.13115953807826453,0.010329687168827656,0.9366791916913828,0.8924972089378758,0.5635270541082165,0.8228456913827655,0.3418837675350701
shapes,Three openings,salt10,0.13410310436812226,0.010512344138421243,0.936240340157515,0.8906617648264529,0.6116232464929859,0.7923847695390781,0.3659318637274549
shapes,Three openings,shift20,0.45660362019038075,0.05146403911216433,0.711294967819038,0.5613101636034068,5.400801603206413,3.1462925851703405,0.004008016032064128
shapes,Training best,balanced04,0.029585352302024047,0.004450741791088177,0.9773383189478958,0.9562309565871744,0.03006012024048096,0.3026052104208417,0.779559118236473
shapes,Training best,balanced10,0.08308508742300601,0.013707101700320641,0.9317656048336673,0.8747316778096192,0.312625250501002,0.4589178356713427,0.4969939879759519
shapes,Training best,clean,0.010012193483166332,0.00018526637045891784,0.99935557798998,0.9987223608216432,0.0,0.20040080160320642,0.8697394789579158
shapes,Training best,pepper04,0.026066991560182363,0.0026024271162084166,0.9875409150521043,0.9755597123246492,0.018036072144288578,0.3306613226452906,0.7615230460921844
shapes,Training best,pepper10,0.04652330549957916,0.0054805792378136275,0.972865608274549,0.9477308569378757,0.04809619238476954,0.503006012024048,0.6533066132264529
shapes,Training best,salt04,0.020183757768392787,0.003271299581975952,0.983669418002004,0.9681501645390782,0.018036072144288578,0.23046092184368738,0.8356713426853707
shapes,Training best,salt10,0.06453000392042084,0.010051352733384769,0.9494415130961924,0.9056848735591182,0.3527054108216433,0.2725450901803607,0.5511022044088176
shapes,Training best,shift20,0.37976952724248497,0.06942009014348698,0.7041684360641283,0.5604143926386773,7.092184368737475,0.7034068136272545,0.0
shapes,Uniform sampled,balanced04,0.23894840873947895,0.03302471892244489,0.8233787973466934,0.7365360741062124,11.926562804428857,1.3519943083611223,0.20673604766593187
shapes,Uniform sampled,balanced10,0.3607111292204409,0.09236862476713427,0.6658978346913829,0.5478648687012023,18.238347658917835,2.033809558787575,0.11584458893687374
shapes,Uniform sampled,clean,0.10745476629350702,0.009732643026915832,0.9242237920941884,0.8912882980901804,0.46337836697214424,0.7041179091791584,0.5361044611705411
shapes,Uniform sampled,pepper04,0.20452759547374752,0.019560345906132266,0.8701499408456914,0.8050741902184368,4.156765130981964,1.3245200043408818,0.2543150765374749
shapes,Uniform sampled,pepper10,0.250020810512024,0.029512738572505012,0.8038327026052104,0.7233072131823648,4.304609214068136,1.8705152218068137,0.20608959408196392
shapes,Uniform sampled,salt04,0.21322125068216433,0.02840268370480962,0.8511703895470942,0.7771443591603205,11.925916351462925,0.8586851086581162,0.24571723626613226
shapes,Uniform sampled,salt10,0.2935219291442886,0.07766765670480962,0.7573606626793588,0.6630174851422846,17.914926631062126,0.9844850936068137,0.1656215608975952
shapes,Uniform sampled,shift20,0.5117207525991984,0.2035087759478958,0.4600990873809619,0.33642186463787577,18.406361100601202,3.1198526150901804,0.05611222277154308
shapes,Validation best,balanced04,0.029585352302024047,0.004450741791088177,0.9773383189478958,0.9562309565871744,0.03006012024048096,0.3026052104208417,0.779559118236473
shapes,Validation best,balanced10,0.08308508742300601,0.013707101700320641,0.9317656048336673,0.8747316778096192,0.312625250501002,0.4589178356713427,0.4969939879759519
shapes,Validation best,clean,0.010012193483166332,0.00018526637045891784,0.99935557798998,0.9987223608216432,0.0,0.20040080160320642,0.8697394789579158
shapes,Validation best,pepper04,0.026066991560182363,0.0026024271162084166,0.9875409150521043,0.9755597123246492,0.018036072144288578,0.3306613226452906,0.7615230460921844
shapes,Validation best,pepper10,0.04652330549957916,0.0054805792378136275,0.972865608274549,0.9477308569378757,0.04809619238476954,0.503006012024048,0.6533066132264529
shapes,Validation best,salt04,0.020183757768392787,0.003271299581975952,0.983669418002004,0.9681501645390782,0.018036072144288578,0.23046092184368738,0.8356713426853707
shapes,Validation best,salt10,0.06453000392042084,0.010051352733384769,0.9494415130961924,0.9056848735591182,0.3527054108216433,0.2725450901803607,0.5511022044088176
shapes,Validation best,shift20,0.37976952724248497,0.06942009014348698,0.7041684360641283,0.5604143926386773,7.092184368737475,0.7034068136272545,0.0
shapes,area16,balanced04,0.04342969586440881,0.005253562712370742,0.97270985750501,0.9480844486412826,0.03006012024048096,0.4729458917835671,0.6893787575150301
shapes,area16,balanced10,0.07096195487921844,0.013370490983627255,0.9348856158116232,0.8799704809539078,0.06813627254509018,0.593186372745491,0.591182364729459
shapes,area16,clean,0.026953671007414828,0.001169874470757515,0.9925122402064128,0.9862068251262525,0.0,0.39879759519038077,0.749498997995992
shapes,area16,pepper04,0.039506655071366734,0.0033321852356052103,0.9824919748557115,0.9665406193707414,0.01603206412825651,0.4909819639278557,0.6693386773547094
shapes,area16,pepper10,0.0557005213457515,0.0060494252559699395,0.9678935554388778,0.9405937867935872,0.04008016032064128,0.6092184368737475,0.5971943887775552
shapes,area16,salt04,0.03609724129983567,0.00420371997596994,0.9772824631843687,0.9569030825851703,0.018036072144288578,0.42084168336673344,0.717434869739479
shapes,area16,salt10,0.05322431615194389,0.009786934999182364,0.951227179975952,0.9092812130721444,0.06412825651302605,0.46092184368737477,0.655310621242485
shapes,area16,shift20,0.20225092331663327,0.04153532756280561,0.8085446262124248,0.6883682966873748,0.8817635270541082,0.7715430861723447,0.20841683366733466
shapes,area3,balanced04,0.14278552045038076,0.006624359844721443,0.96238958750501,0.9291430985350702,1.6112224448897796,0.26452905811623245,0.15831663326653306
shapes,area3,balanced10,0.34581303146092185,0.03669578738496994,0.8140373465390782,0.7009156888376754,14.464929859719438,0.6833667334669339,0.0
shapes,area3,clean,0.006625967003607214,7.04534076993988e-05,0.9997508861462926,0.9995038237054108,0.0,0.1402805611222445,0.8977955911823647
shapes,area3,pepper04,0.029148117094965932,0.0025772030586392785,0.9875691505711423,0.9756057986513026,0.050100200400801605,0.2865731462925852,0.751503006012024
shapes,area3,pepper10,0.08417582228440881,0.006134665196392785,0.9698433198837676,0.9420198207014028,0.11422845691382766,0.6993987975951904,0.4529058116232465
shapes,area3,salt04,0.12853478690741485,0.005393599724533066,0.9685906448897795,0.9405282647314629,1.593186372745491,0.17034068136272545,0.18036072144288579
shapes,area3,salt10,0.28381631013226455,0.031994544621643285,0.835245423755511,0.7318194347635271,14.130260521042084,0.1963927855711423,0.0
shapes,area3,shift20,0.5453268593587174,0.13676136997995994,0.5519231312284569,0.39837189668777556,42.567134268537075,2.5891783567134268,0.0
shapes,area32,balanced04,0.08043371087813628,0.008487461057066133,0.9431720181202404,0.9085873059478957,0.10420841683366733,0.7575150300601202,0.5130260521042084
shapes,area32,balanced10,0.0983130403936473,0.015823313284288577,0.9118026076893788,0.8514045580761523,0.12024048096192384,0.7995991983967936,0.4849699398797595
shapes,area32,clean,0.07257507016072144,0.0051631040124809615,0.9565138227915831,0.935585260749499,0.10220440881763528,0.7334669338677354,0.533066132264529
shapes,area32,pepper04,0.07641617209607615,0.006535640766711422,0.950503148521042,0.9237643040961924,0.11623246492985972,0.7374749498997996,0.5250501002004008
shapes,area32,pepper10,0.08609689965765531,0.008720566156058117,0.9384548033486975,0.9030275160921843,0.1342685370741483,0.781563126252505,0.5050100200400801
shapes,area32,salt04,0.0769203070494549,0.007968193363310621,0.9485228823767535,0.9158147930741483,0.09218436873747494,0.7555110220440882,0.5250501002004008
shapes,area32,salt10,0.08783820058559118,0.013201750753551102,0.9304175945350702,0.8790200183627254,0.1062124248496994,0.7855711422845691,0.4909819639278557
shapes,area32,shift20,0.1500917355230461,0.036381791401943885,0.8264555302084168,0.716389627751503,0.20040080160320642,0.9138276553106213,0.3927855711422846
shapes,area8,balanced04,0.029585352302024047,0.004450741791088177,0.9773383189478958,0.9562309565871744,0.03006012024048096,0.3026052104208417,0.779559118236473
shapes,area8,balanced10,0.08308508742300601,0.013707101700320641,0.9317656048336673,0.8747316778096192,0.312625250501002,0.4589178356713427,0.4969939879759519
shapes,area8,clean,0.010012193483166332,0.00018526637045891784,0.99935557798998,0.9987223608216432,0.0,0.20040080160320642,0.8697394789579158
shapes,area8,pepper04,0.026066991560182363,0.0026024271162084166,0.9875409150521043,0.9755597123246492,0.018036072144288578,0.3306613226452906,0.7615230460921844
shapes,area8,pepper10,0.04652330549957916,0.0054805792378136275,0.972865608274549,0.9477308569378757,0.04809619238476954,0.503006012024048,0.6533066132264529
shapes,area8,salt04,0.020183757768392787,0.003271299581975952,0.983669418002004,0.9681501645390782,0.018036072144288578,0.23046092184368738,0.8356713426853707
shapes,area8,salt10,0.06453000392042084,0.010051352733384769,0.9494415130961924,0.9056848735591182,0.3527054108216433,0.2725450901803607,0.5511022044088176
shapes,area8,shift20,0.37976952724248497,0.06942009014348698,0.7041684360641283,0.5604143926386773,7.092184368737475,0.7034068136272545,0.0
shapes,gaussian06,balanced04,0.2646148595376754,0.008878868844649298,0.9468387298416834,0.9020333647274549,5.114228456913827,0.5871743486973948,0.0
shapes,gaussian06,balanced10,0.43170396643687375,0.0399862223991984,0.7991182201923848,0.6807268766452905,25.27054108216433,2.649298597194389,0.0
shapes,gaussian06,clean,0.00559785320480962,5.131791396192385e-05,0.9998149428657315,0.9996310443847696,0.0,0.11823647294589178,0.9078156312625251
shapes,gaussian06,pepper04,0.09139247536148297,0.0031582262109138273,0.9840217568577154,0.9688482325370742,0.3727454909819639,0.5731462925851704,0.3967935871743487
shapes,gaussian06,pepper10,0.17916049677611223,0.008119537710264529,0.9608015423907815,0.925166324985972,0.4408817635270541,2.2064128256513027,0.12024048096192384
shapes,gaussian06,salt04,0.21992650502386774,0.007425441166052105,0.9536690193547095,0.9143965715470942,5.240480961923848,0.18637274549098196,0.002004008016032064
shapes,gaussian06,salt10,0.3044175398737475,0.0336167125252505,0.8278304641803607,0.7217581250781563,25.226452905811623,0.3406813627254509,0.0
shapes,gaussian06,shift20,0.5866352562685371,0.12628468726673348,0.561170340991984,0.4064298963380762,60.166332665330664,8.781563126252506,0.0
shapes,gaussian10,balanced04,0.08231874507077154,0.007492415410122245,0.9548448833146292,0.9176159102144289,0.3787575150300601,0.5871743486973948,0.5971943887775552
shapes,gaussian10,balanced10,0.11486029721068136,0.01097507518753507,0.938135519747495,0.8884002307675352,0.627254509018036,0.6693386773547094,0.42084168336673344
shapes,gaussian10,clean,0.0668174696903006,0.006495630184088176,0.960100745757515,0.9271535509118236,0.280561122244489,0.4909819639278557,0.657314629258517
shapes,gaussian10,pepper04,0.08172920729224449,0.007753353963066132,0.9514014012645291,0.913183729759519,0.30861723446893785,0.6212424849699398,0.5851703406813628
shapes,gaussian10,pepper10,0.10764394011947895,0.010852434053587174,0.9308518656432865,0.879872744743487,0.39879759519038077,0.7595190380761523,0.5050100200400801
shapes,gaussian10,salt04,0.07352987262037475,0.006488671810450902,0.9615121738096193,0.9292584675490981,0.3667334669338677,0.5210420841683366,0.625250501002004
shapes,gaussian10,salt10,0.08891841417430862,0.008390913798124249,0.9551956179378758,0.9169267650420841,0.5370741482965932,0.49298597194388777,0.46292585170340683
shapes,gaussian10,shift20,0.3348008331843687,0.027859538498677356,0.8496966373046093,0.749876207767535,6.603206412825651,0.9158316633266533,0.0
shapes,median3,balanced04,0.10301614370431864,0.009602538441070141,0.9432107484789579,0.8980450444529059,0.533066132264529,0.6653306613226453,0.5370741482965932
shapes,median3,balanced10,0.18134936358490983,0.014929163857294588,0.9171430713527055,0.8535248894769538,1.4509018036072143,0.7154308617234469,0.17835671342685372
shapes,median3,clean,0.09681080351078156,0.007749874798937875,0.951789718240481,0.913825776509018,0.48096192384769537,0.6813627254509018,0.5450901803607214
shapes,median3,pepper04,0.10417687141877756,0.00927636523995992,0.9429554285330661,0.8989533666012024,0.503006012024048,0.7114228456913828,0.5370741482965932
shapes,median3,pepper10,0.12541691491597193,0.012490258324068136,0.9235764929979959,0.8668813811082164,0.5531062124248497,0.7875751503006012,0.46693386773547096
shapes,median3,salt04,0.09907334679671342,0.008747529789897795,0.9485598515971944,0.9072078740380761,0.48897795591182364,0.6673346693386774,0.5270541082164328
shapes,median3,salt10,0.15888951917062125,0.012401539226613226,0.9333181146092184,0.8798245451282566,1.3406813627254508,0.6092184368737475,0.22044088176352705
shapes,median3,shift20,0.3842408456753507,0.03986793027655311,0.7953694026272545,0.6740298017246493,14.59318637274549,1.1843687374749499,0.0
shapes,median5,balanced04,0.16704204114174348,0.021029906991743487,0.8578611824569138,0.780106895748497,0.5871743486973948,0.9879759519038076,0.38276553106212424
shapes,median5,balanced10,0.1717458338685371,0.023515781558577156,0.848455189990982,0.7638585157847696,0.6152304609218436,0.9799599198396793,0.3867735470941884
shapes,median5,clean,0.16179083201667335,0.021031646668617232,0.8569691753987976,0.7789243102821644,0.5531062124248497,0.935871743486974,0.4028056112224449
shapes,median5,pepper04,0.1744442758509018,0.02211193218018036,0.8492486468777555,0.767933132547495,0.6232464929859719,1.0140280561122244,0.3807615230460922
shapes,median5,pepper10,0.19358715869198398,0.026362621065370743,0.8193261797991984,0.7266780135312625,0.6993987975951904,1.0240480961923848,0.3727454909819639
shapes,median5,salt04,0.15520888745438877,0.019755657103106214,0.868712417963527,0.7950184479092185,0.5270541082164328,0.9498997995991983,0.4028056112224449
shapes,median5,salt10,0.1407849578732465,0.020542821748637276,0.8772977874186372,0.8028513852474949,0.4228456913827655,0.8777555110220441,0.4228456913827655
shapes,median5,shift20,0.21544779373507014,0.03093165499755511,0.8224049210252505,0.7178700671609219,1.092184368737475,0.9799599198396793,0.26452905811623245
